{"stats":{"minecraft:killed_by":{"minecraft:iron_golem":1,"minecraft:skeleton":1},"minecraft:killed":{"minecraft:dolphin":1,"minecraft:shulker":8,"minecraft:skeleton":29,"minecraft:guardian":1,"minecraft:chicken":2,"minecraft:skeleton_horse":14,"minecraft:iron_golem":9,"minecraft:ender_dragon":1,"minecraft:pillager":31,"minecraft:goat":6,"minecraft:zombie":76,"minecraft:glow_squid":1,"minecraft:evoker":5,"minecraft:endermite":1,"minecraft:vindicator":21,"minecraft:horse":5,"minecraft:warden":4,"minecraft:husk":2,"minecraft:ravager":2,"minecraft:enderman":21,"minecraft:witch":4,"minecraft:spider":24,"minecraft:silverfish":83,"minecraft:turtle":1,"minecraft:wolf":1,"minecraft:piglin":2,"minecraft:pig":6,"minecraft:zombie_villager":2,"minecraft:creeper":16,"minecraft:sheep":8,"minecraft:trader_llama":1,"minecraft:ghast":4,"minecraft:blaze":12,"minecraft:vex":3,"minecraft:drowned":2,"minecraft:wither_skeleton":5,"minecraft:villager":50},"minecraft:mined":{"minecraft:dark_oak_planks":39,"minecraft:white_bed":13,"minecraft:fire_coral_wall_fan":2,"minecraft:cherry_log":127,"minecraft:obsidian":46,"minecraft:granite":11,"minecraft:horn_coral_fan":2,"minecraft:bubble_coral_block":15,"minecraft:tube_coral_block":5,"minecraft:chiseled_stone_bricks":1,"minecraft:spawner":1,"minecraft:tall_seagrass":2,"minecraft:dark_oak_trapdoor":3,"minecraft:cobbled_deepslate":9,"minecraft:fire":20,"minecraft:fletching_table":4,"minecraft:dirt_path":1,"minecraft:oak_stairs":31,"minecraft:small_amethyst_bud":2,"minecraft:iron_block":533,"minecraft:cut_sandstone":13,"minecraft:kelp_plant":1,"minecraft:torch":1,"minecraft:glass":7,"minecraft:tube_coral_fan":1,"minecraft:sugar_cane":106,"minecraft:amethyst_block":1,"minecraft:light_gray_stained_glass":15,"minecraft:wheat":4,"minecraft:grass":236,"minecraft:blue_shulker_box":1,"minecraft:red_mushroom_block":1,"minecraft:deepslate":104,"minecraft:pink_shulker_box":3,"minecraft:mossy_cobblestone":2,"minecraft:dark_oak_log":729,"minecraft:shulker_box":5,"minecraft:end_stone":145,"minecraft:nether_bricks":19,"minecraft:kelp":3,"minecraft:horn_coral_wall_fan":5,"minecraft:horn_coral":2,"minecraft:snow":206,"minecraft:andesite":11,"minecraft:potatoes":15,"minecraft:cobblestone_slab":1,"minecraft:rail":9,"minecraft:brain_coral_wall_fan":3,"minecraft:fire_coral_block":13,"minecraft:brain_coral":3,"minecraft:ender_chest":3,"minecraft:oak_slab":27,"minecraft:glass_pane":3,"minecraft:soul_sand":4,"minecraft:cornflower":3,"minecraft:emerald_ore":1,"minecraft:warped_roots":1,"minecraft:brain_coral_fan":2,"minecraft:purpur_pillar":2,"minecraft:tall_grass":71,"minecraft:cobblestone_wall":2,"minecraft:birch_leaves":1,"minecraft:gravel":103,"minecraft:stone_bricks":1,"minecraft:infested_stone":109,"minecraft:large_amethyst_bud":1,"minecraft:stone_pressure_plate":1,"minecraft:farmland":1,"minecraft:cobbled_deepslate_stairs":2,"minecraft:cobblestone_stairs":1,"minecraft:sculk_vein":4,"minecraft:budding_amethyst":1,"minecraft:grass_block":40,"minecraft:bubble_coral_fan":1,"minecraft:composter":2,"minecraft:iron_ore":25,"minecraft:anvil":1,"minecraft:azure_bluet":2,"minecraft:iron_bars":1,"minecraft:end_stone_bricks":1,"minecraft:brain_coral_block":17,"minecraft:quartz_block":15,"minecraft:blackstone":77,"minecraft:orange_terracotta":5,"minecraft:purpur_stairs":1,"minecraft:clay":4,"minecraft:poppy":3,"minecraft:beacon":6,"minecraft:nether_quartz_ore":26,"minecraft:cobblestone":89,"minecraft:oak_planks":57,"minecraft:wall_torch":2,"minecraft:pink_petals":9,"minecraft:seagrass":4,"minecraft:fire_coral_fan":1,"minecraft:powered_rail":12,"minecraft:stripped_oak_wood":1,"minecraft:tnt":17,"minecraft:purpur_block":2,"minecraft:oak_log":17,"minecraft:beetroots":1,"minecraft:sand":503,"minecraft:dirt":151,"minecraft:wither_skeleton_skull":3,"minecraft:netherrack":2969,"minecraft:ancient_debris":14,"minecraft:oak_leaves":5,"minecraft:horn_coral_block":1,"minecraft:nether_gold_ore":16,"minecraft:tube_coral":1,"minecraft:tuff":46,"minecraft:dark_oak_leaves":9,"minecraft:deepslate_diamond_ore":26,"minecraft:oak_door":6,"minecraft:red_stained_glass":2,"minecraft:stripped_cherry_log":2,"minecraft:tube_coral_wall_fan":13,"minecraft:white_stained_glass":9,"minecraft:spruce_leaves":4,"minecraft:sandstone":11,"minecraft:hay_block":17,"minecraft:oak_trapdoor":17,"minecraft:carrots":56,"minecraft:gold_block":2,"minecraft:nether_brick_fence":1,"minecraft:polished_deepslate":3,"minecraft:bookshelf":5,"minecraft:stone":4126,"minecraft:cherry_stairs":7,"minecraft:redstone_wall_torch":1,"minecraft:magenta_stained_glass":1,"minecraft:snow_block":1160,"minecraft:basalt":858,"minecraft:oak_fence":5,"minecraft:crafting_table":3,"minecraft:lectern":70,"minecraft:stone_slab":6,"minecraft:sculk":2,"minecraft:blue_bed":2,"minecraft:gray_wool":594,"minecraft:lime_bed":1,"minecraft:sea_pickle":5,"minecraft:redstone_torch":2,"minecraft:bee_nest":1,"minecraft:yellow_bed":1,"minecraft:coal_ore":94,"minecraft:cherry_leaves":9,"minecraft:end_rod":7,"minecraft:bubble_coral_wall_fan":8},"minecraft:crafted":{"minecraft:bookshelf":29,"minecraft:cooked_mutton":2,"minecraft:quartz_block":16,"minecraft:diamond_helmet":2,"minecraft:diamond_leggings":1,"minecraft:beacon":1,"minecraft:emerald":374,"minecraft:cooked_porkchop":19,"minecraft:diamond_axe":1,"minecraft:cherry_sign":48,"minecraft:iron_pickaxe":1,"minecraft:gold_ingot":27,"minecraft:light_gray_dye":2,"minecraft:netherite_ingot":57,"minecraft:bone_meal":15,"minecraft:pink_dye":7,"minecraft:diamond":162,"minecraft:stone_pickaxe":1,"minecraft:diamond_boots":3,"minecraft:dark_oak_planks":704,"minecraft:wheat":153,"minecraft:blue_bed":1,"minecraft:white_stained_glass":16,"minecraft:enchanted_book":29,"minecraft:red_stained_glass":16,"minecraft:white_bed":1,"minecraft:oak_planks":2818,"minecraft:bow":2,"minecraft:chest":2,"minecraft:netherite_upgrade_smithing_template":30,"minecraft:oak_slab":24,"minecraft:crafting_table":3,"minecraft:wooden_pickaxe":1,"minecraft:gold_block":1,"minecraft:paper":75,"minecraft:diamond_pickaxe":1,"minecraft:netherite_block":2,"minecraft:stick":6437,"minecraft:iron_ingot":94,"minecraft:stone_sword":1,"minecraft:snow_block":34,"minecraft:cherry_planks":108,"minecraft:light_gray_stained_glass":16,"minecraft:furnace":1,"minecraft:diamond_block":1,"minecraft:netherite_chestplate":1,"minecraft:netherite_scrap":14,"minecraft:red_dye":2,"minecraft:diamond_sword":1,"minecraft:bucket":1,"minecraft:stone_axe":1,"minecraft:air":0,"minecraft:blue_dye":1,"minecraft:white_dye":15,"minecraft:anvil":4,"minecraft:torch":4,"minecraft:diamond_chestplate":1,"minecraft:firework_rocket":192},"minecraft:dropped":{"minecraft:porkchop":3,"minecraft:lapis_lazuli":31,"minecraft:cooked_beef":46,"minecraft:glass_bottle":16,"minecraft:diamond":34,"minecraft:crafting_table":1,"minecraft:cooked_porkchop":19,"minecraft:cookie":3,"minecraft:warped_roots":2,"minecraft:cracked_stone_bricks":1,"minecraft:purpur_stairs":1,"minecraft:elytra":2,"minecraft:emerald":130,"minecraft:gold_block":1,"minecraft:dirt":278,"minecraft:netherite_boots":2,"minecraft:gold_nugget":152,"minecraft:sand":302,"minecraft:white_wool":2,"minecraft:bone":43,"minecraft:sugar_cane":116,"minecraft:iron_nugget":9,"minecraft:cobbled_deepslate":66,"minecraft:netherite_sword":3,"minecraft:pink_dye":7,"minecraft:wheat":157,"minecraft:obsidian":47,"minecraft:rotten_flesh":83,"minecraft:oak_planks":34,"minecraft:enchanted_golden_apple":3,"minecraft:end_stone":63,"minecraft:white_dye":13,"minecraft:glass":4,"minecraft:lectern":1,"minecraft:egg":1,"minecraft:enchanted_book":18,"minecraft:iron_ingot":58,"minecraft:netherite_pickaxe":4,"minecraft:wheat_seeds":34,"minecraft:netherite_chestplate":1,"minecraft:netherite_helmet":1,"minecraft:oak_fence":6,"minecraft:feather":1,"minecraft:cobblestone":348,"minecraft:book":18,"minecraft:granite":22,"minecraft:spruce_button":1,"minecraft:coal":128,"minecraft:dark_oak_leaves":5,"minecraft:gray_wool":128,"minecraft:potion":1,"minecraft:oak_stairs":5,"minecraft:string":4,"minecraft:spruce_sapling":1,"minecraft:netherite_ingot":2,"minecraft:cobblestone_wall":2,"minecraft:deepslate":1,"minecraft:diamond_sword":1,"minecraft:potato":5,"minecraft:diamond_pickaxe":1,"minecraft:pink_shulker_box":3,"minecraft:spider_eye":73,"minecraft:sandstone":3,"minecraft:bow":3,"minecraft:diamond_axe":1,"minecraft:oak_log":8,"minecraft:ender_pearl":16,"minecraft:leather":15,"minecraft:flint":10,"minecraft:netherite_scrap":2,"minecraft:cornflower":6,"minecraft:cut_sandstone":1,"minecraft:snowball":11,"minecraft:pumpkin_pie":4,"minecraft:purpur_block":2,"minecraft:blackstone":64,"minecraft:cherry_sapling":8,"minecraft:cooked_mutton":38,"minecraft:carrot":3822,"minecraft:poppy":14,"minecraft:trident":2,"minecraft:gunpowder":9,"minecraft:basalt":101,"minecraft:arrow":1,"minecraft:quartz":9,"minecraft:netherrack":1157,"minecraft:firework_rocket":951,"minecraft:oak_slab":24,"minecraft:cherry_log":261,"minecraft:mossy_cobblestone":1,"minecraft:bookshelf":2,"minecraft:poisonous_potato":2,"minecraft:netherite_axe":1,"minecraft:grass_block":1,"minecraft:stick":4,"minecraft:cherry_sign":48,"minecraft:iron_block":91,"minecraft:torch":67,"minecraft:light_gray_stained_glass":1,"minecraft:fire_charge":2,"minecraft:pink_petals":9,"minecraft:polished_deepslate":1,"minecraft:polished_diorite":320,"minecraft:anvil":1,"minecraft:kelp":1,"minecraft:oak_trapdoor":1,"minecraft:ender_chest":2,"minecraft:blaze_rod":28,"minecraft:tuff":31,"minecraft:composter":2,"minecraft:raw_iron":65,"minecraft:wither_skeleton_skull":1,"minecraft:ender_eye":1,"minecraft:totem_of_undying":2,"minecraft:shulker_box":1,"minecraft:netherite_leggings":2,"minecraft:flint_and_steel":1,"minecraft:filled_map":4,"minecraft:snow":1,"minecraft:oak_button":2,"minecraft:oak_boat":3,"minecraft:golden_sword":1,"minecraft:white_stained_glass":1},"minecraft:broken":{"minecraft:wooden_pickaxe":1},"minecraft:used":{"minecraft:spruce_slab":3,"minecraft:poppy":1,"minecraft:ladder":5,"minecraft:elytra":23,"minecraft:chest":10,"minecraft:stone":12,"minecraft:farmland":81,"minecraft:soul_sand":8,"minecraft:snowball":16,"minecraft:lava_bucket":17,"minecraft:netherite_shovel":2119,"minecraft:villager_spawn_egg":20,"minecraft:grass_block":6,"minecraft:quartz_block":16,"minecraft:netherite_hoe":195,"minecraft:dark_oak_slab":598,"minecraft:netherite_boots":2,"minecraft:bow":357,"minecraft:snow":112,"minecraft:furnace":1,"minecraft:cooked_cod":4,"minecraft:egg":1,"minecraft:potato":2,"minecraft:infested_stone":64,"minecraft:red_stained_glass":33,"minecraft:powered_rail":14,"minecraft:wooden_pickaxe":59,"minecraft:composter":7,"minecraft:cookie":1,"minecraft:golden_apple":2,"minecraft:dark_oak_trapdoor":73,"minecraft:sand":25,"minecraft:netherite_helmet":4,"minecraft:lectern":84,"minecraft:fire_charge":2,"minecraft:diamond_sword":521,"minecraft:smithing_table":1,"minecraft:white_stained_glass":31,"minecraft:oak_boat":7,"minecraft:oak_trapdoor":39,"minecraft:stone_sword":2,"minecraft:netherrack":1432,"minecraft:torch":54,"minecraft:anvil":8,"minecraft:iron_block":523,"minecraft:spruce_button":4,"minecraft:totem_of_undying":2,"minecraft:diamond_chestplate":1,"minecraft:basalt":225,"minecraft:glowstone":43,"minecraft:cobbled_deepslate":31,"minecraft:cherry_log":1,"minecraft:orange_terracotta":11,"minecraft:calcite":1,"minecraft:wheat_seeds":3,"minecraft:water_bucket":136,"minecraft:fletching_table":9,"minecraft:mossy_cobblestone":1,"minecraft:rail":31,"minecraft:oak_slab":26,"minecraft:tnt":21,"minecraft:crafting_table":6,"minecraft:white_bed":39,"minecraft:oak_log":49,"minecraft:ender_eye":11,"minecraft:diamond_pickaxe":1146,"minecraft:oak_button":5,"minecraft:iron_pickaxe":9,"minecraft:cobblestone":72,"minecraft:potion":14,"minecraft:cooked_porkchop":14,"minecraft:diamond_leggings":1,"minecraft:blue_terracotta":1,"minecraft:diamond_hoe":123,"minecraft:debug_stick":42,"minecraft:mutton":3,"minecraft:carrot":474,"minecraft:tuff":15,"minecraft:obsidian":67,"minecraft:glass":27,"minecraft:lantern":1,"minecraft:stone_bricks":1,"minecraft:golden_sword":12,"minecraft:blue_shulker_box":1,"minecraft:beetroot_seeds":1,"minecraft:diamond_boots":3,"minecraft:wither_skeleton_skull":6,"minecraft:stone_pickaxe":65,"minecraft:oak_planks":59,"minecraft:ender_pearl":37,"minecraft:sandstone":14,"minecraft:blue_bed":5,"minecraft:diamond_axe":62,"minecraft:sugar_cane":20,"minecraft:skeleton_horse_spawn_egg":12,"minecraft:shears":585,"minecraft:end_stone":43,"minecraft:redstone_torch":10,"minecraft:firework_rocket":831,"minecraft:dark_oak_log":25,"minecraft:deepslate":1,"minecraft:stripped_cherry_log":2,"minecraft:experience_bottle":1,"minecraft:oak_fence":18,"minecraft:trident":167,"minecraft:netherite_sword":524,"minecraft:flint_and_steel":4,"minecraft:ender_chest":7,"minecraft:oak_door":5,"minecraft:dirt":190,"minecraft:diamond_helmet":3,"minecraft:shulker_box":5,"minecraft:spruce_fence":2,"minecraft:dark_oak_planks":949,"minecraft:light_gray_stained_glass":28,"minecraft:bookshelf":30,"minecraft:oak_stairs":25,"minecraft:minecart":8,"minecraft:netherite_pickaxe":8377,"minecraft:stone_pressure_plate":1,"minecraft:cooked_beef":53,"minecraft:enchanted_golden_apple":79,"minecraft:cooked_mutton":17,"minecraft:snow_block":121,"minecraft:glass_bottle":14,"minecraft:netherite_chestplate":20,"minecraft:cut_sandstone":14,"minecraft:beacon":6,"minecraft:stonecutter":2,"minecraft:green_bed":1,"minecraft:lime_bed":1,"minecraft:command_block":9,"minecraft:netherite_axe":1283,"minecraft:stone_slab":6,"minecraft:stone_axe":8,"minecraft:pink_petals":2,"minecraft:cherry_stairs":17,"minecraft:white_banner":5,"minecraft:bucket":141,"minecraft:pink_shulker_box":2,"minecraft:yellow_bed":1,"minecraft:pumpkin_pie":1,"minecraft:gray_wool":625,"minecraft:sculk_catalyst":1},"minecraft:custom":{"minecraft:interact_with_crafting_table":55,"minecraft:bell_ring":67,"minecraft:leave_game":35,"minecraft:time_since_death":202262,"minecraft:play_time":1324850,"minecraft:deaths":6,"minecraft:jump":15353,"minecraft:enchant_item":14,"minecraft:interact_with_furnace":11,"minecraft:traded_with_villager":434,"minecraft:sleep_in_bed":41,"minecraft:damage_dealt":96537,"minecraft:horse_one_cm":1727244,"minecraft:interact_with_smithing_table":11,"minecraft:interact_with_anvil":96,"minecraft:sneak_time":108570,"minecraft:total_world_time":1324850,"minecraft:interact_with_stonecutter":1,"minecraft:time_since_rest":15099,"minecraft:swim_one_cm":399000,"minecraft:fly_one_cm":4911715,"minecraft:open_chest":176,"minecraft:fall_one_cm":526741,"minecraft:open_shulker_box":40,"minecraft:damage_resisted":22368,"minecraft:sprint_one_cm":2167380,"minecraft:drop":620,"minecraft:talked_to_villager":355,"minecraft:walk_on_water_one_cm":295280,"minecraft:open_enderchest":14,"minecraft:interact_with_beacon":19,"minecraft:player_kills":1,"minecraft:crouch_one_cm":588607,"minecraft:mob_kills":493,"minecraft:damage_dealt_resisted":103,"minecraft:climb_one_cm":3209,"minecraft:walk_one_cm":2075879,"minecraft:raid_win":1,"minecraft:walk_under_water_one_cm":370533,"minecraft:boat_one_cm":826227,"minecraft:raid_trigger":1,"minecraft:interact_with_grindstone":7,"minecraft:damage_taken":10546,"minecraft:damage_absorbed":5017,"minecraft:minecart_one_cm":52484,"minecraft:aviate_one_cm":21253947},"minecraft:picked_up":{"minecraft:anvil":2,"minecraft:stone_slab":6,"minecraft:lead":7,"minecraft:diamond_sword":2,"minecraft:oak_stairs":36,"minecraft:enchanted_book":10,"minecraft:infested_stone":64,"minecraft:polished_deepslate":1,"minecraft:string":55,"minecraft:dark_oak_trapdoor":3,"minecraft:cobbled_deepslate":161,"minecraft:diamond_leggings":2,"minecraft:gold_nugget":239,"minecraft:horn_coral_block":1,"minecraft:enchanted_golden_apple":83,"minecraft:composter":2,"minecraft:purpur_pillar":2,"minecraft:cherry_log":111,"minecraft:horn_coral_fan":7,"minecraft:iron_block":660,"minecraft:end_rod":6,"minecraft:bookshelf":3,"minecraft:netherite_chestplate":3,"minecraft:blaze_rod":28,"minecraft:iron_bars":8,"minecraft:snowball":202,"minecraft:cooked_beef":10,"minecraft:feather":4,"minecraft:cherry_leaves":1,"minecraft:water_bucket":3,"minecraft:flint":4,"minecraft:netherite_leggings":4,"minecraft:lantern":1,"minecraft:diamond_helmet":3,"minecraft:dark_oak_log":715,"minecraft:blue_terracotta":1,"minecraft:granite":22,"minecraft:spruce_button":4,"minecraft:bread":3,"minecraft:diamond_pickaxe":1,"minecraft:crafting_table":4,"minecraft:bee_nest":1,"minecraft:bubble_coral_fan":3,"minecraft:stripped_cherry_log":2,"minecraft:purpur_block":2,"minecraft:cornflower":7,"minecraft:elytra":5,"minecraft:flint_and_steel":1,"minecraft:snow":1,"minecraft:netherite_scrap":2,"minecraft:white_stained_glass":10,"minecraft:iron_shovel":1,"minecraft:cracked_stone_bricks":1,"minecraft:netherite_sword":5,"minecraft:poppy":17,"minecraft:minecart":8,"minecraft:chest":1,"minecraft:diamond_hoe":1,"minecraft:egg":3,"minecraft:sandstone":20,"minecraft:stone":288,"minecraft:oak_door":4,"minecraft:carrot":940,"minecraft:netherite_pickaxe":7,"minecraft:tnt":21,"minecraft:diamond_chestplate":2,"minecraft:cooked_cod":4,"minecraft:beetroot_seeds":1,"minecraft:tube_coral_fan":9,"minecraft:shears":2,"minecraft:diamond_boots":2,"minecraft:hay_block":34,"minecraft:tube_coral_block":5,"minecraft:gold_ingot":6,"minecraft:totem_of_undying":4,"minecraft:mutton":5,"minecraft:rail":8,"minecraft:white_wool":5,"minecraft:lime_bed":1,"minecraft:clock":2,"minecraft:filled_map":3,"minecraft:purpur_stairs":1,"minecraft:oak_log":38,"minecraft:ancient_debris":14,"minecraft:blue_bed":2,"minecraft:white_banner":6,"minecraft:stone_bricks":1,"minecraft:apple":2,"minecraft:kelp":1,"minecraft:glass_bottle":16,"minecraft:light_gray_stained_glass":13,"minecraft:gravel":59,"minecraft:spruce_sapling":1,"minecraft:firework_rocket":1069,"minecraft:red_stained_glass":1,"minecraft:coal_ore":6,"minecraft:diamond_axe":2,"minecraft:gray_wool":597,"minecraft:warped_roots":2,"minecraft:oak_button":4,"minecraft:ender_pearl":118,"minecraft:shulker_shell":7,"minecraft:wheat":4,"minecraft:nether_brick_fence":1,"minecraft:ender_chest":14,"minecraft:potion":1,"minecraft:brain_coral_block":17,"minecraft:raw_copper":8,"minecraft:netherite_ingot":3,"minecraft:pink_shulker_box":8,"minecraft:sea_pickle":15,"minecraft:dark_oak_leaves":5,"minecraft:redstone_torch":5,"minecraft:ender_eye":7,"minecraft:iron_pickaxe":1,"minecraft:tipped_arrow":2,"minecraft:stick":204,"minecraft:oak_fence":8,"minecraft:torch":202,"minecraft:porkchop":10,"minecraft:snow_block":2,"minecraft:netherite_shovel":2,"minecraft:nether_gold_ore":5,"minecraft:rotten_flesh":140,"minecraft:fire_coral_fan":3,"minecraft:obsidian":78,"minecraft:cobblestone":3047,"minecraft:pink_petals":28,"minecraft:andesite":5,"minecraft:beacon":6,"minecraft:potato":15,"minecraft:tuff":46,"minecraft:horn_coral":2,"minecraft:wither_skeleton_skull":4,"minecraft:lapis_lazuli":5,"minecraft:dirt":333,"minecraft:name_tag":1,"minecraft:glass":7,"minecraft:bone":63,"minecraft:bow":4,"minecraft:wheat_seeds":45,"minecraft:netherite_axe":3,"minecraft:fletching_table":4,"minecraft:powered_rail":11,"minecraft:oak_planks":62,"minecraft:brain_coral":3,"minecraft:ghast_tear":1,"minecraft:cooked_porkchop":14,"minecraft:poisonous_potato":2,"minecraft:sand":510,"minecraft:grass_block":23,"minecraft:diamond_block":64,"minecraft:shulker_box":6,"minecraft:mossy_cobblestone":4,"minecraft:clay":1,"minecraft:diamond":61,"minecraft:netherite_helmet":2,"minecraft:crossbow":1,"minecraft:emerald":232,"minecraft:netherrack":2369,"minecraft:bubble_coral_block":15,"minecraft:nether_star":1,"minecraft:end_stone_bricks":1,"minecraft:azure_bluet":2,"minecraft:gold_block":64,"minecraft:oak_trapdoor":21,"minecraft:blackstone":122,"minecraft:oak_boat":8,"minecraft:lectern":67,"minecraft:blue_shulker_box":3,"minecraft:sugar_cane":398,"minecraft:cherry_trapdoor":3,"minecraft:dark_oak_sapling":11,"minecraft:raw_iron":63,"minecraft:end_stone":106,"minecraft:cherry_stairs":17,"minecraft:cookie":4,"minecraft:trident":3,"minecraft:stone_pressure_plate":1,"minecraft:dark_oak_planks":32,"minecraft:arrow":119,"minecraft:tube_coral":1,"minecraft:pumpkin_pie":5,"minecraft:saddle":3,"minecraft:netherite_boots":3,"minecraft:basalt":917,"minecraft:cut_sandstone":15,"minecraft:leather":30,"minecraft:gunpowder":23,"minecraft:yellow_bed":1,"minecraft:cobblestone_wall":2,"minecraft:orange_terracotta":3,"minecraft:cooked_mutton":15,"minecraft:fire_coral_block":13,"minecraft:iron_ingot":69,"minecraft:cooked_chicken":5,"minecraft:stripped_oak_wood":1,"minecraft:soul_sand":4,"minecraft:book":57,"minecraft:sculk_catalyst":3,"minecraft:oak_slab":26,"minecraft:nether_quartz_ore":4,"minecraft:chiseled_stone_bricks":1,"minecraft:quartz":118,"minecraft:brain_coral_fan":5,"minecraft:white_bed":14,"minecraft:spider_eye":77,"minecraft:cherry_sapling":8,"minecraft:coal":70}},"DataVersion":3465}