{"stats":{"minecraft:picked_up":{"minecraft:crafting_table":4,"minecraft:wheat":4,"minecraft:diamond_sword":1,"minecraft:oak_stairs":15,"minecraft:gold_block":63,"minecraft:cornflower":1,"minecraft:oak_trapdoor":12,"minecraft:flint_and_steel":1,"minecraft:netherite_ingot":3,"minecraft:netherite_scrap":2,"minecraft:blackstone":1,"minecraft:diamond_leggings":1,"minecraft:cobbled_deepslate":92,"minecraft:oak_boat":4,"minecraft:poppy":1,"minecraft:enchanted_golden_apple":56,"minecraft:sugar_cane":31,"minecraft:diamond_hoe":1,"minecraft:egg":1,"minecraft:stick":193,"minecraft:raw_iron":5,"minecraft:sandstone":3,"minecraft:oak_door":4,"minecraft:composter":2,"minecraft:oak_fence":2,"minecraft:torch":4,"minecraft:porkchop":10,"minecraft:carrot":922,"minecraft:tnt":2,"minecraft:diamond_chestplate":1,"minecraft:beetroot_seeds":1,"minecraft:diamond_boots":1,"minecraft:hay_block":34,"minecraft:iron_block":56,"minecraft:saddle":1,"minecraft:gold_ingot":6,"minecraft:mutton":5,"minecraft:obsidian":1,"minecraft:white_wool":3,"minecraft:cobblestone":152,"minecraft:cooked_beef":9,"minecraft:water_bucket":1,"minecraft:andesite":5,"minecraft:potato":2,"minecraft:filled_map":3,"minecraft:flint":2,"minecraft:tuff":46,"minecraft:oak_log":14,"minecraft:ancient_debris":14,"minecraft:yellow_bed":1,"minecraft:cobblestone_wall":2,"minecraft:blue_bed":2,"minecraft:dirt":136,"minecraft:bone":2,"minecraft:bow":1,"minecraft:wheat_seeds":24,"minecraft:iron_ingot":41,"minecraft:fletching_table":4,"minecraft:diamond_helmet":1,"minecraft:oak_planks":22,"minecraft:book":8,"minecraft:chiseled_stone_bricks":1,"minecraft:sand":21,"minecraft:white_bed":4,"minecraft:diamond_block":64,"minecraft:mossy_cobblestone":2,"minecraft:diamond":58,"minecraft:diamond_axe":1,"minecraft:emerald":25,"minecraft:netherrack":847,"minecraft:coal":32,"minecraft:diamond_pickaxe":1,"minecraft:ender_pearl":5},"minecraft:used":{"minecraft:oak_trapdoor":16,"minecraft:stone_sword":2,"minecraft:flint_and_steel":1,"minecraft:poppy":1,"minecraft:diamond_hoe":122,"minecraft:oak_door":4,"minecraft:netherrack":212,"minecraft:debug_stick":42,"minecraft:torch":6,"minecraft:dirt":4,"minecraft:anvil":2,"minecraft:mutton":3,"minecraft:carrot":129,"minecraft:tuff":15,"minecraft:spruce_fence":2,"minecraft:obsidian":1,"minecraft:lava_bucket":8,"minecraft:bookshelf":1,"minecraft:grass_block":6,"minecraft:oak_stairs":5,"minecraft:golden_sword":12,"minecraft:furnace":1,"minecraft:beetroot_seeds":1,"minecraft:egg":1,"minecraft:potato":2,"minecraft:cooked_beef":19,"minecraft:cobbled_deepslate":27,"minecraft:enchanted_golden_apple":12,"minecraft:wheat_seeds":3,"minecraft:cooked_mutton":1,"minecraft:water_bucket":42,"minecraft:oak_planks":8,"minecraft:glass_bottle":14,"minecraft:stone_pickaxe":65,"minecraft:wooden_pickaxe":59,"minecraft:fletching_table":9,"minecraft:blue_bed":5,"minecraft:diamond_axe":53,"minecraft:sugar_cane":20,"minecraft:mossy_cobblestone":1,"minecraft:sand":4,"minecraft:oak_slab":8,"minecraft:crafting_table":5,"minecraft:white_bed":18,"minecraft:oak_log":2,"minecraft:diamond_pickaxe":1070,"minecraft:iron_pickaxe":9,"minecraft:deepslate":1,"minecraft:stone_axe":8,"minecraft:diamond_sword":103,"minecraft:cobblestone":52,"minecraft:potion":14,"minecraft:cooked_porkchop":3,"minecraft:smithing_table":1,"minecraft:bucket":51,"minecraft:yellow_bed":1,"minecraft:oak_boat":3},"minecraft:crafted":{"minecraft:oak_planks":784,"minecraft:furnace":1,"minecraft:bookshelf":2,"minecraft:cooked_mutton":2,"minecraft:diamond_helmet":1,"minecraft:bow":2,"minecraft:diamond_leggings":1,"minecraft:stone_pickaxe":1,"minecraft:diamond_boots":1,"minecraft:netherite_scrap":14,"minecraft:wheat":153,"minecraft:oak_slab":18,"minecraft:diamond_sword":1,"minecraft:emerald":96,"minecraft:cooked_porkchop":19,"minecraft:diamond_axe":1,"minecraft:crafting_table":2,"minecraft:wooden_pickaxe":1,"minecraft:blue_bed":1,"minecraft:bucket":1,"minecraft:stone_axe":1,"minecraft:enchanted_book":2,"minecraft:air":0,"minecraft:blue_dye":1,"minecraft:diamond_pickaxe":1,"minecraft:stick":1512,"minecraft:iron_ingot":49,"minecraft:iron_pickaxe":1,"minecraft:stone_sword":1,"minecraft:gold_ingot":18,"minecraft:anvil":1,"minecraft:white_bed":1,"minecraft:netherite_ingot":3,"minecraft:torch":4,"minecraft:diamond_chestplate":1},"minecraft:killed_by":{"minecraft:iron_golem":1},"minecraft:broken":{"minecraft:wooden_pickaxe":1},"minecraft:custom":{"minecraft:interact_with_smithing_table":2,"minecraft:mob_kills":33,"minecraft:interact_with_anvil":3,"minecraft:interact_with_crafting_table":20,"minecraft:bell_ring":21,"minecraft:leave_game":3,"minecraft:time_since_death":54774,"minecraft:climb_one_cm":108,"minecraft:damage_resisted":169,"minecraft:sprint_one_cm":351370,"minecraft:walk_one_cm":385187,"minecraft:drop":140,"minecraft:talked_to_villager":44,"minecraft:play_time":206778,"minecraft:deaths":4,"minecraft:sneak_time":14985,"minecraft:walk_under_water_one_cm":60490,"minecraft:boat_one_cm":624009,"minecraft:jump":2975,"minecraft:walk_on_water_one_cm":27335,"minecraft:total_world_time":206778,"minecraft:interact_with_furnace":11,"minecraft:traded_with_villager":102,"minecraft:sleep_in_bed":11,"minecraft:time_since_rest":688,"minecraft:damage_taken":2647,"minecraft:damage_absorbed":217,"minecraft:damage_dealt":7231,"minecraft:swim_one_cm":74584,"minecraft:fly_one_cm":668742,"minecraft:open_chest":25,"minecraft:crouch_one_cm":50870,"minecraft:fall_one_cm":78557,"minecraft:horse_one_cm":180943},"minecraft:killed":{"minecraft:spider":4,"minecraft:skeleton":3,"minecraft:guardian":1,"minecraft:turtle":1,"minecraft:wolf":1,"minecraft:pig":4,"minecraft:iron_golem":2,"minecraft:creeper":1,"minecraft:sheep":5,"minecraft:trader_llama":1,"minecraft:zombie":7,"minecraft:glow_squid":1,"minecraft:enderman":1},"minecraft:mined":{"minecraft:large_amethyst_bud":1,"minecraft:tuff":46,"minecraft:farmland":1,"minecraft:white_bed":4,"minecraft:mossy_cobblestone":2,"minecraft:deepslate_diamond_ore":26,"minecraft:oak_door":6,"minecraft:cobblestone_stairs":1,"minecraft:obsidian":1,"minecraft:budding_amethyst":1,"minecraft:grass_block":2,"minecraft:composter":2,"minecraft:kelp":1,"minecraft:sandstone":3,"minecraft:chiseled_stone_bricks":1,"minecraft:hay_block":17,"minecraft:oak_trapdoor":7,"minecraft:carrots":48,"minecraft:iron_ore":5,"minecraft:cobbled_deepslate":3,"minecraft:andesite":5,"minecraft:fletching_table":4,"minecraft:gold_block":1,"minecraft:bookshelf":1,"minecraft:potatoes":2,"minecraft:cobblestone_slab":1,"minecraft:oak_stairs":7,"minecraft:small_amethyst_bud":2,"minecraft:stone":95,"minecraft:glass_pane":3,"minecraft:oak_fence":3,"minecraft:blackstone":2,"minecraft:crafting_table":3,"minecraft:cornflower":1,"minecraft:torch":1,"minecraft:tall_grass":15,"minecraft:cobblestone":65,"minecraft:oak_planks":10,"minecraft:sugar_cane":14,"minecraft:blue_bed":2,"minecraft:amethyst_block":1,"minecraft:cobblestone_wall":2,"minecraft:wheat":4,"minecraft:yellow_bed":1,"minecraft:grass":144,"minecraft:coal_ore":32,"minecraft:oak_log":8,"minecraft:beetroots":1,"minecraft:gravel":2,"minecraft:sand":21,"minecraft:dirt":7,"minecraft:ancient_debris":14,"minecraft:netherrack":794,"minecraft:oak_leaves":1,"minecraft:deepslate":91},"minecraft:dropped":{"minecraft:iron_ingot":48,"minecraft:porkchop":3,"minecraft:wheat_seeds":15,"minecraft:cooked_beef":16,"minecraft:oak_log":8,"minecraft:ender_pearl":1,"minecraft:crafting_table":1,"minecraft:bookshelf":1,"minecraft:cooked_porkchop":16,"minecraft:oak_fence":2,"minecraft:cobblestone":64,"minecraft:flint":10,"minecraft:gold_block":1,"minecraft:dirt":193,"minecraft:netherite_scrap":2,"minecraft:torch":1,"minecraft:fire_charge":2,"minecraft:potion":1,"minecraft:sand":17,"minecraft:iron_nugget":9,"minecraft:cobblestone_wall":2,"minecraft:cobbled_deepslate":64,"minecraft:wheat":157,"minecraft:deepslate":1,"minecraft:tuff":31,"minecraft:composter":2,"minecraft:raw_iron":1,"minecraft:oak_planks":18,"minecraft:carrot":2581,"minecraft:flint_and_steel":1,"minecraft:filled_map":4,"minecraft:diamond_pickaxe":1,"minecraft:golden_sword":1,"minecraft:bow":1,"minecraft:netherrack":769}},"DataVersion":3465}