{"stats":{"minecraft:picked_up":{"minecraft:crafting_table":4,"minecraft:gold_block":1,"minecraft:cornflower":1,"minecraft:blackstone":1,"minecraft:cobbled_deepslate":90,"minecraft:oak_boat":2,"minecraft:sugar_cane":20,"minecraft:egg":1,"minecraft:stick":1,"minecraft:raw_iron":5,"minecraft:sandstone":3,"minecraft:torch":3,"minecraft:porkchop":10,"minecraft:carrot":1,"minecraft:beetroot_seeds":1,"minecraft:hay_block":17,"minecraft:mutton":5,"minecraft:obsidian":1,"minecraft:white_wool":3,"minecraft:cobblestone":96,"minecraft:cooked_beef":9,"minecraft:andesite":5,"minecraft:potato":2,"minecraft:filled_map":3,"minecraft:flint":2,"minecraft:tuff":46,"minecraft:oak_log":10,"minecraft:ancient_debris":14,"minecraft:yellow_bed":1,"minecraft:cobblestone_wall":2,"minecraft:blue_bed":2,"minecraft:dirt":1,"minecraft:bone":2,"minecraft:wheat_seeds":18,"minecraft:iron_ingot":27,"minecraft:oak_planks":12,"minecraft:book":4,"minecraft:chiseled_stone_bricks":1,"minecraft:sand":18,"minecraft:white_bed":4,"minecraft:diamond":58,"minecraft:emerald":8,"minecraft:netherrack":772,"minecraft:coal":32,"minecraft:ender_pearl":3},"minecraft:used":{"minecraft:stone_sword":2,"minecraft:flint_and_steel":1,"minecraft:diamond_hoe":115,"minecraft:netherrack":148,"minecraft:debug_stick":42,"minecraft:torch":6,"minecraft:anvil":1,"minecraft:mutton":3,"minecraft:carrot":67,"minecraft:tuff":15,"minecraft:spruce_fence":2,"minecraft:obsidian":1,"minecraft:lava_bucket":8,"minecraft:bookshelf":1,"minecraft:grass_block":6,"minecraft:golden_sword":12,"minecraft:furnace":1,"minecraft:beetroot_seeds":1,"minecraft:egg":1,"minecraft:potato":2,"minecraft:cooked_beef":17,"minecraft:cobbled_deepslate":26,"minecraft:enchanted_golden_apple":8,"minecraft:wheat_seeds":3,"minecraft:cooked_mutton":1,"minecraft:water_bucket":27,"minecraft:glass_bottle":14,"minecraft:stone_pickaxe":65,"minecraft:wooden_pickaxe":59,"minecraft:blue_bed":5,"minecraft:diamond_axe":10,"minecraft:sugar_cane":9,"minecraft:sand":1,"minecraft:crafting_table":5,"minecraft:white_bed":4,"minecraft:diamond_pickaxe":991,"minecraft:iron_pickaxe":9,"minecraft:deepslate":1,"minecraft:stone_axe":8,"minecraft:diamond_sword":87,"minecraft:potion":14,"minecraft:cooked_porkchop":3,"minecraft:bucket":36,"minecraft:yellow_bed":1,"minecraft:oak_boat":2},"minecraft:crafted":{"minecraft:oak_planks":520,"minecraft:furnace":1,"minecraft:bookshelf":2,"minecraft:cooked_mutton":2,"minecraft:diamond_helmet":1,"minecraft:bow":2,"minecraft:diamond_leggings":1,"minecraft:stone_pickaxe":1,"minecraft:diamond_boots":1,"minecraft:diamond_sword":1,"minecraft:emerald":32,"minecraft:cooked_porkchop":7,"minecraft:diamond_axe":1,"minecraft:crafting_table":2,"minecraft:wooden_pickaxe":1,"minecraft:blue_bed":1,"minecraft:bucket":1,"minecraft:stone_axe":1,"minecraft:enchanted_book":1,"minecraft:air":0,"minecraft:blue_dye":1,"minecraft:diamond_pickaxe":1,"minecraft:stick":1000,"minecraft:iron_ingot":31,"minecraft:iron_pickaxe":1,"minecraft:stone_sword":1,"minecraft:white_bed":1,"minecraft:torch":4,"minecraft:diamond_chestplate":1},"minecraft:broken":{"minecraft:wooden_pickaxe":1},"minecraft:custom":{"minecraft:mob_kills":31,"minecraft:interact_with_anvil":1,"minecraft:interact_with_crafting_table":13,"minecraft:bell_ring":21,"minecraft:leave_game":3,"minecraft:time_since_death":135526,"minecraft:climb_one_cm":108,"minecraft:damage_resisted":34,"minecraft:sprint_one_cm":219028,"minecraft:walk_one_cm":193172,"minecraft:drop":68,"minecraft:talked_to_villager":22,"minecraft:play_time":140778,"minecraft:deaths":3,"minecraft:sneak_time":11259,"minecraft:walk_under_water_one_cm":60467,"minecraft:boat_one_cm":541595,"minecraft:jump":2037,"minecraft:walk_on_water_one_cm":23089,"minecraft:total_world_time":140778,"minecraft:interact_with_furnace":8,"minecraft:traded_with_villager":37,"minecraft:sleep_in_bed":7,"minecraft:time_since_rest":4000,"minecraft:damage_taken":2106,"minecraft:damage_dealt":6226,"minecraft:swim_one_cm":73990,"minecraft:fly_one_cm":521527,"minecraft:open_chest":17,"minecraft:crouch_one_cm":32770,"minecraft:fall_one_cm":52037},"minecraft:killed":{"minecraft:spider":4,"minecraft:skeleton":3,"minecraft:guardian":1,"minecraft:turtle":1,"minecraft:wolf":1,"minecraft:pig":4,"minecraft:iron_golem":1,"minecraft:creeper":1,"minecraft:sheep":5,"minecraft:zombie":7,"minecraft:glow_squid":1,"minecraft:enderman":1},"minecraft:mined":{"minecraft:large_amethyst_bud":1,"minecraft:tuff":46,"minecraft:white_bed":4,"minecraft:deepslate_diamond_ore":26,"minecraft:cobblestone_stairs":1,"minecraft:obsidian":1,"minecraft:budding_amethyst":1,"minecraft:grass_block":2,"minecraft:kelp":1,"minecraft:sandstone":3,"minecraft:chiseled_stone_bricks":1,"minecraft:hay_block":17,"minecraft:carrots":1,"minecraft:iron_ore":5,"minecraft:cobbled_deepslate":1,"minecraft:andesite":5,"minecraft:gold_block":1,"minecraft:bookshelf":1,"minecraft:potatoes":2,"minecraft:small_amethyst_bud":2,"minecraft:stone":95,"minecraft:blackstone":2,"minecraft:crafting_table":3,"minecraft:cornflower":1,"minecraft:torch":1,"minecraft:tall_grass":15,"minecraft:cobblestone":2,"minecraft:sugar_cane":14,"minecraft:blue_bed":2,"minecraft:amethyst_block":1,"minecraft:cobblestone_wall":2,"minecraft:wheat":3,"minecraft:yellow_bed":1,"minecraft:grass":137,"minecraft:coal_ore":32,"minecraft:oak_log":6,"minecraft:beetroots":1,"minecraft:gravel":2,"minecraft:sand":18,"minecraft:dirt":2,"minecraft:ancient_debris":14,"minecraft:netherrack":787,"minecraft:oak_leaves":1,"minecraft:deepslate":91},"minecraft:dropped":{"minecraft:iron_ingot":48,"minecraft:porkchop":3,"minecraft:wheat_seeds":15,"minecraft:cooked_beef":16,"minecraft:oak_log":8,"minecraft:ender_pearl":1,"minecraft:crafting_table":1,"minecraft:bookshelf":1,"minecraft:cooked_porkchop":4,"minecraft:cobblestone":64,"minecraft:flint":10,"minecraft:gold_block":1,"minecraft:dirt":1,"minecraft:fire_charge":2,"minecraft:potion":1,"minecraft:sand":17,"minecraft:iron_nugget":9,"minecraft:cobblestone_wall":2,"minecraft:cobbled_deepslate":64,"minecraft:deepslate":1,"minecraft:tuff":31,"minecraft:raw_iron":1,"minecraft:oak_planks":18,"minecraft:flint_and_steel":1,"minecraft:filled_map":4,"minecraft:diamond_pickaxe":1,"minecraft:golden_sword":1,"minecraft:bow":1,"minecraft:netherrack":624}},"DataVersion":3465}