{"stats":{"minecraft:picked_up":{"minecraft:crafting_table":4,"minecraft:wheat":4,"minecraft:diamond_sword":1,"minecraft:oak_stairs":15,"minecraft:gold_block":64,"minecraft:cornflower":1,"minecraft:oak_trapdoor":14,"minecraft:flint_and_steel":1,"minecraft:netherite_ingot":3,"minecraft:netherite_scrap":2,"minecraft:blackstone":1,"minecraft:diamond_leggings":1,"minecraft:cobbled_deepslate":92,"minecraft:oak_boat":4,"minecraft:lectern":1,"minecraft:poppy":1,"minecraft:enchanted_golden_apple":56,"minecraft:sugar_cane":31,"minecraft:diamond_hoe":1,"minecraft:egg":2,"minecraft:stick":198,"minecraft:raw_iron":5,"minecraft:sandstone":3,"minecraft:oak_door":4,"minecraft:composter":2,"minecraft:oak_fence":3,"minecraft:torch":4,"minecraft:porkchop":10,"minecraft:carrot":926,"minecraft:tnt":2,"minecraft:diamond_chestplate":1,"minecraft:beetroot_seeds":1,"minecraft:diamond_boots":1,"minecraft:hay_block":34,"minecraft:iron_block":56,"minecraft:saddle":1,"minecraft:gold_ingot":6,"minecraft:mutton":5,"minecraft:obsidian":41,"minecraft:white_wool":3,"minecraft:cobblestone":155,"minecraft:cooked_beef":9,"minecraft:water_bucket":1,"minecraft:andesite":5,"minecraft:potato":10,"minecraft:filled_map":3,"minecraft:flint":2,"minecraft:tuff":46,"minecraft:oak_log":15,"minecraft:ancient_debris":14,"minecraft:yellow_bed":1,"minecraft:cobblestone_wall":2,"minecraft:blue_bed":2,"minecraft:dirt":137,"minecraft:bone":2,"minecraft:bow":1,"minecraft:wheat_seeds":24,"minecraft:iron_ingot":41,"minecraft:fletching_table":4,"minecraft:diamond_helmet":1,"minecraft:oak_planks":32,"minecraft:oak_slab":4,"minecraft:book":8,"minecraft:chiseled_stone_bricks":1,"minecraft:sand":23,"minecraft:white_bed":6,"minecraft:diamond_block":64,"minecraft:mossy_cobblestone":2,"minecraft:diamond":58,"minecraft:diamond_axe":1,"minecraft:warped_roots":1,"minecraft:emerald":25,"minecraft:netherrack":876,"minecraft:coal":32,"minecraft:diamond_pickaxe":1,"minecraft:ender_pearl":5},"minecraft:used":{"minecraft:oak_trapdoor":18,"minecraft:stone_sword":2,"minecraft:flint_and_steel":4,"minecraft:poppy":1,"minecraft:diamond_hoe":123,"minecraft:oak_door":5,"minecraft:netherrack":212,"minecraft:debug_stick":42,"minecraft:torch":6,"minecraft:dirt":4,"minecraft:anvil":2,"minecraft:mutton":3,"minecraft:carrot":173,"minecraft:tuff":15,"minecraft:spruce_fence":2,"minecraft:obsidian":11,"minecraft:lava_bucket":8,"minecraft:bookshelf":1,"minecraft:grass_block":6,"minecraft:oak_stairs":5,"minecraft:golden_sword":12,"minecraft:bow":11,"minecraft:furnace":1,"minecraft:beetroot_seeds":1,"minecraft:egg":1,"minecraft:potato":2,"minecraft:cooked_beef":23,"minecraft:cobbled_deepslate":27,"minecraft:enchanted_golden_apple":12,"minecraft:wheat_seeds":3,"minecraft:cooked_mutton":1,"minecraft:water_bucket":43,"minecraft:oak_planks":42,"minecraft:glass_bottle":14,"minecraft:stone_pickaxe":65,"minecraft:wooden_pickaxe":59,"minecraft:fletching_table":9,"minecraft:blue_bed":5,"minecraft:diamond_axe":61,"minecraft:sugar_cane":20,"minecraft:mossy_cobblestone":1,"minecraft:sand":4,"minecraft:tnt":2,"minecraft:oak_slab":12,"minecraft:crafting_table":5,"minecraft:white_bed":18,"minecraft:oak_log":6,"minecraft:diamond_pickaxe":1146,"minecraft:iron_pickaxe":9,"minecraft:deepslate":1,"minecraft:stone_axe":8,"minecraft:diamond_sword":124,"minecraft:cobblestone":55,"minecraft:potion":14,"minecraft:cooked_porkchop":3,"minecraft:smithing_table":1,"minecraft:bucket":52,"minecraft:yellow_bed":1,"minecraft:oak_boat":3},"minecraft:crafted":{"minecraft:oak_planks":2616,"minecraft:furnace":1,"minecraft:bookshelf":2,"minecraft:cooked_mutton":2,"minecraft:diamond":72,"minecraft:diamond_helmet":1,"minecraft:bow":2,"minecraft:diamond_leggings":1,"minecraft:stone_pickaxe":1,"minecraft:diamond_boots":1,"minecraft:netherite_upgrade_smithing_template":18,"minecraft:netherite_scrap":14,"minecraft:wheat":153,"minecraft:oak_slab":18,"minecraft:diamond_sword":1,"minecraft:emerald":229,"minecraft:cooked_porkchop":19,"minecraft:diamond_axe":1,"minecraft:crafting_table":2,"minecraft:wooden_pickaxe":1,"minecraft:blue_bed":1,"minecraft:bucket":1,"minecraft:stone_axe":1,"minecraft:enchanted_book":6,"minecraft:air":0,"minecraft:blue_dye":1,"minecraft:diamond_pickaxe":1,"minecraft:stick":5485,"minecraft:iron_ingot":49,"minecraft:iron_pickaxe":1,"minecraft:stone_sword":1,"minecraft:gold_ingot":18,"minecraft:anvil":1,"minecraft:white_bed":1,"minecraft:netherite_ingot":39,"minecraft:torch":4,"minecraft:diamond_chestplate":1},"minecraft:killed_by":{"minecraft:iron_golem":1},"minecraft:broken":{"minecraft:wooden_pickaxe":1},"minecraft:custom":{"minecraft:interact_with_smithing_table":5,"minecraft:mob_kills":40,"minecraft:interact_with_anvil":6,"minecraft:interact_with_crafting_table":34,"minecraft:bell_ring":21,"minecraft:leave_game":3,"minecraft:time_since_death":90774,"minecraft:climb_one_cm":108,"minecraft:damage_resisted":169,"minecraft:sprint_one_cm":418225,"minecraft:walk_one_cm":465224,"minecraft:drop":144,"minecraft:talked_to_villager":78,"minecraft:play_time":242778,"minecraft:deaths":4,"minecraft:sneak_time":19806,"minecraft:walk_under_water_one_cm":64549,"minecraft:boat_one_cm":624009,"minecraft:jump":3362,"minecraft:walk_on_water_one_cm":28202,"minecraft:total_world_time":242778,"minecraft:interact_with_furnace":11,"minecraft:traded_with_villager":239,"minecraft:sleep_in_bed":11,"minecraft:time_since_rest":36688,"minecraft:damage_taken":2732,"minecraft:damage_absorbed":217,"minecraft:damage_dealt":8534,"minecraft:swim_one_cm":76207,"minecraft:fly_one_cm":868966,"minecraft:open_chest":44,"minecraft:crouch_one_cm":67895,"minecraft:fall_one_cm":90396,"minecraft:horse_one_cm":180943},"minecraft:killed":{"minecraft:spider":6,"minecraft:skeleton":4,"minecraft:guardian":1,"minecraft:drowned":1,"minecraft:turtle":1,"minecraft:wolf":1,"minecraft:pig":4,"minecraft:iron_golem":2,"minecraft:creeper":2,"minecraft:sheep":5,"minecraft:trader_llama":1,"minecraft:zombie":7,"minecraft:glow_squid":1,"minecraft:enderman":1},"minecraft:mined":{"minecraft:large_amethyst_bud":1,"minecraft:tuff":46,"minecraft:farmland":1,"minecraft:white_bed":7,"minecraft:mossy_cobblestone":2,"minecraft:deepslate_diamond_ore":26,"minecraft:oak_door":6,"minecraft:cobblestone_stairs":1,"minecraft:obsidian":41,"minecraft:budding_amethyst":1,"minecraft:grass_block":2,"minecraft:composter":2,"minecraft:kelp":1,"minecraft:sandstone":3,"minecraft:chiseled_stone_bricks":1,"minecraft:hay_block":17,"minecraft:oak_trapdoor":9,"minecraft:carrots":48,"minecraft:iron_ore":5,"minecraft:cobbled_deepslate":3,"minecraft:andesite":5,"minecraft:fletching_table":4,"minecraft:gold_block":2,"minecraft:bookshelf":1,"minecraft:potatoes":14,"minecraft:cobblestone_slab":1,"minecraft:oak_stairs":7,"minecraft:small_amethyst_bud":2,"minecraft:stone":97,"minecraft:oak_slab":4,"minecraft:glass_pane":3,"minecraft:oak_fence":3,"minecraft:blackstone":2,"minecraft:crafting_table":3,"minecraft:cornflower":1,"minecraft:torch":1,"minecraft:lectern":4,"minecraft:tall_grass":15,"minecraft:cobblestone":66,"minecraft:oak_planks":10,"minecraft:sugar_cane":14,"minecraft:blue_bed":2,"minecraft:amethyst_block":1,"minecraft:cobblestone_wall":2,"minecraft:wheat":4,"minecraft:yellow_bed":1,"minecraft:grass":144,"minecraft:coal_ore":32,"minecraft:oak_log":9,"minecraft:beetroots":1,"minecraft:gravel":2,"minecraft:sand":23,"minecraft:dirt":7,"minecraft:ancient_debris":14,"minecraft:netherrack":826,"minecraft:oak_leaves":1,"minecraft:deepslate":91},"minecraft:dropped":{"minecraft:iron_ingot":48,"minecraft:porkchop":3,"minecraft:wheat_seeds":15,"minecraft:cooked_beef":16,"minecraft:oak_log":8,"minecraft:ender_pearl":1,"minecraft:diamond":13,"minecraft:crafting_table":1,"minecraft:bookshelf":1,"minecraft:cooked_porkchop":16,"minecraft:warped_roots":1,"minecraft:oak_fence":2,"minecraft:cobblestone":64,"minecraft:flint":10,"minecraft:gold_block":1,"minecraft:dirt":194,"minecraft:netherite_scrap":2,"minecraft:torch":1,"minecraft:fire_charge":2,"minecraft:potion":1,"minecraft:sand":17,"minecraft:iron_nugget":9,"minecraft:cobblestone_wall":2,"minecraft:cobbled_deepslate":64,"minecraft:wheat":157,"minecraft:deepslate":1,"minecraft:tuff":31,"minecraft:composter":2,"minecraft:raw_iron":1,"minecraft:oak_planks":18,"minecraft:carrot":2605,"minecraft:flint_and_steel":1,"minecraft:filled_map":4,"minecraft:diamond_pickaxe":1,"minecraft:golden_sword":1,"minecraft:bow":1,"minecraft:netherrack":769}},"DataVersion":3465}