{"stats":{"minecraft:picked_up":{"minecraft:crafting_table":4,"minecraft:cooked_beef":9,"minecraft:andesite":5,"minecraft:gold_block":1,"minecraft:flint":2,"minecraft:tuff":46,"minecraft:oak_log":6,"minecraft:ancient_debris":14,"minecraft:dirt":1,"minecraft:cornflower":1,"minecraft:blue_bed":1,"minecraft:blackstone":1,"minecraft:cobbled_deepslate":90,"minecraft:iron_ingot":24,"minecraft:sugar_cane":9,"minecraft:oak_planks":12,"minecraft:egg":1,"minecraft:raw_iron":5,"minecraft:chiseled_stone_bricks":1,"minecraft:torch":3,"minecraft:porkchop":10,"minecraft:white_bed":4,"minecraft:diamond":58,"minecraft:netherrack":761,"minecraft:obsidian":1,"minecraft:mutton":5,"minecraft:coal":32,"minecraft:white_wool":3,"minecraft:cobblestone":96,"minecraft:ender_pearl":1},"minecraft:used":{"minecraft:cooked_mutton":1,"minecraft:water_bucket":10,"minecraft:stone_sword":2,"minecraft:flint_and_steel":1,"minecraft:stone_pickaxe":65,"minecraft:wooden_pickaxe":59,"minecraft:blue_bed":2,"minecraft:diamond_axe":1,"minecraft:netherrack":41,"minecraft:debug_stick":42,"minecraft:torch":6,"minecraft:mutton":3,"minecraft:anvil":1,"minecraft:crafting_table":5,"minecraft:white_bed":4,"minecraft:tuff":15,"minecraft:spruce_fence":2,"minecraft:obsidian":1,"minecraft:diamond_pickaxe":977,"minecraft:lava_bucket":8,"minecraft:grass_block":6,"minecraft:iron_pickaxe":9,"minecraft:deepslate":1,"minecraft:stone_axe":8,"minecraft:golden_sword":12,"minecraft:diamond_sword":55,"minecraft:furnace":1,"minecraft:cooked_porkchop":3,"minecraft:bucket":19,"minecraft:cooked_beef":7,"minecraft:egg":1,"minecraft:enchanted_golden_apple":8,"minecraft:cobbled_deepslate":26},"minecraft:crafted":{"minecraft:oak_planks":24,"minecraft:diamond_sword":1,"minecraft:cooked_porkchop":7,"minecraft:diamond_axe":1,"minecraft:crafting_table":2,"minecraft:wooden_pickaxe":1,"minecraft:furnace":1,"minecraft:blue_bed":1,"minecraft:bucket":1,"minecraft:stone_axe":1,"minecraft:cooked_mutton":2,"minecraft:air":0,"minecraft:blue_dye":1,"minecraft:diamond_helmet":1,"minecraft:diamond_leggings":1,"minecraft:diamond_pickaxe":1,"minecraft:stick":8,"minecraft:iron_ingot":31,"minecraft:iron_pickaxe":1,"minecraft:stone_pickaxe":1,"minecraft:stone_sword":1,"minecraft:diamond_boots":1,"minecraft:white_bed":1,"minecraft:torch":4,"minecraft:diamond_chestplate":1},"minecraft:broken":{"minecraft:wooden_pickaxe":1},"minecraft:custom":{"minecraft:interact_with_furnace":6,"minecraft:interact_with_anvil":1,"minecraft:mob_kills":21,"minecraft:interact_with_crafting_table":8,"minecraft:leave_game":2,"minecraft:time_since_death":84004,"minecraft:sleep_in_bed":4,"minecraft:climb_one_cm":108,"minecraft:damage_resisted":23,"minecraft:time_since_rest":5820,"minecraft:sprint_one_cm":145438,"minecraft:damage_taken":1438,"minecraft:walk_one_cm":114907,"minecraft:drop":39,"minecraft:damage_dealt":3642,"minecraft:swim_one_cm":52380,"minecraft:fly_one_cm":370736,"minecraft:open_chest":3,"minecraft:crouch_one_cm":23288,"minecraft:play_time":89256,"minecraft:deaths":3,"minecraft:sneak_time":7794,"minecraft:walk_under_water_one_cm":34494,"minecraft:boat_one_cm":46405,"minecraft:jump":1248,"minecraft:walk_on_water_one_cm":13244,"minecraft:fall_one_cm":34000,"minecraft:total_world_time":89256},"minecraft:killed":{"minecraft:pig":4,"minecraft:spider":1,"minecraft:sheep":5,"minecraft:skeleton":3,"minecraft:guardian":1,"minecraft:zombie":5,"minecraft:glow_squid":1,"minecraft:enderman":1},"minecraft:mined":{"minecraft:large_amethyst_bud":1,"minecraft:tuff":46,"minecraft:white_bed":4,"minecraft:blackstone":2,"minecraft:deepslate_diamond_ore":26,"minecraft:obsidian":1,"minecraft:crafting_table":3,"minecraft:cornflower":1,"minecraft:torch":1,"minecraft:budding_amethyst":1,"minecraft:grass_block":2,"minecraft:cobblestone":1,"minecraft:kelp":1,"minecraft:sugar_cane":4,"minecraft:chiseled_stone_bricks":1,"minecraft:blue_bed":1,"minecraft:amethyst_block":1,"minecraft:iron_ore":5,"minecraft:cobbled_deepslate":1,"minecraft:andesite":5,"minecraft:gold_block":1,"minecraft:grass":7,"minecraft:oak_log":6,"minecraft:coal_ore":32,"minecraft:small_amethyst_bud":2,"minecraft:gravel":2,"minecraft:dirt":2,"minecraft:stone":95,"minecraft:netherrack":781,"minecraft:ancient_debris":14,"minecraft:oak_leaves":1,"minecraft:deepslate":91},"minecraft:dropped":{"minecraft:iron_ingot":48,"minecraft:porkchop":3,"minecraft:iron_nugget":9,"minecraft:cooked_beef":16,"minecraft:oak_log":4,"minecraft:deepslate":1,"minecraft:tuff":31,"minecraft:cooked_porkchop":4,"minecraft:raw_iron":1,"minecraft:oak_planks":18,"minecraft:flint_and_steel":1,"minecraft:flint":5,"minecraft:gold_block":1,"minecraft:dirt":1,"minecraft:diamond_pickaxe":1,"minecraft:golden_sword":1,"minecraft:fire_charge":2,"minecraft:netherrack":31}},"DataVersion":3465}