{"stats":{"minecraft:killed":{"minecraft:pig":3,"minecraft:sheep":3,"minecraft:skeleton":1},"minecraft:crafted":{"minecraft:oak_planks":24,"minecraft:diamond_sword":1,"minecraft:cooked_porkchop":7,"minecraft:diamond_axe":1,"minecraft:crafting_table":2,"minecraft:wooden_pickaxe":1,"minecraft:furnace":1,"minecraft:blue_bed":1,"minecraft:bucket":1,"minecraft:stone_axe":1,"minecraft:cooked_mutton":2,"minecraft:air":0,"minecraft:blue_dye":1,"minecraft:diamond_helmet":1,"minecraft:diamond_leggings":1,"minecraft:diamond_pickaxe":1,"minecraft:stick":8,"minecraft:iron_ingot":13,"minecraft:iron_pickaxe":1,"minecraft:stone_pickaxe":1,"minecraft:stone_sword":1,"minecraft:diamond_boots":1,"minecraft:white_bed":1,"minecraft:torch":4,"minecraft:diamond_chestplate":1},"minecraft:custom":{"minecraft:interact_with_furnace":6,"minecraft:mob_kills":7,"minecraft:interact_with_anvil":1,"minecraft:interact_with_crafting_table":8,"minecraft:leave_game":2,"minecraft:time_since_death":54184,"minecraft:sleep_in_bed":3,"minecraft:climb_one_cm":108,"minecraft:damage_resisted":9,"minecraft:time_since_rest":10875,"minecraft:sprint_one_cm":50339,"minecraft:damage_taken":696,"minecraft:walk_one_cm":71526,"minecraft:drop":9,"minecraft:damage_dealt":806,"minecraft:swim_one_cm":1788,"minecraft:fly_one_cm":177167,"minecraft:open_chest":2,"minecraft:crouch_one_cm":20449,"minecraft:play_time":59436,"minecraft:deaths":3,"minecraft:sneak_time":6335,"minecraft:walk_under_water_one_cm":2510,"minecraft:jump":470,"minecraft:walk_on_water_one_cm":1557,"minecraft:total_world_time":59436,"minecraft:fall_one_cm":10670},"minecraft:picked_up":{"minecraft:crafting_table":3,"minecraft:andesite":5,"minecraft:flint":2,"minecraft:tuff":46,"minecraft:oak_log":6,"minecraft:ancient_debris":14,"minecraft:cornflower":1,"minecraft:dirt":1,"minecraft:blackstone":1,"minecraft:cobbled_deepslate":90,"minecraft:raw_iron":5,"minecraft:torch":2,"minecraft:porkchop":7,"minecraft:white_bed":4,"minecraft:diamond":58,"minecraft:netherrack":720,"minecraft:mutton":5,"minecraft:obsidian":1,"minecraft:coal":32,"minecraft:white_wool":3,"minecraft:cobblestone":96},"minecraft:broken":{"minecraft:wooden_pickaxe":1},"minecraft:used":{"minecraft:cooked_mutton":1,"minecraft:water_bucket":4,"minecraft:stone_sword":2,"minecraft:flint_and_steel":1,"minecraft:stone_pickaxe":65,"minecraft:wooden_pickaxe":59,"minecraft:diamond_axe":1,"minecraft:netherrack":16,"minecraft:debug_stick":42,"minecraft:torch":6,"minecraft:mutton":3,"minecraft:anvil":1,"minecraft:crafting_table":5,"minecraft:white_bed":4,"minecraft:tuff":15,"minecraft:spruce_fence":2,"minecraft:obsidian":1,"minecraft:diamond_pickaxe":960,"minecraft:lava_bucket":8,"minecraft:grass_block":6,"minecraft:iron_pickaxe":9,"minecraft:deepslate":1,"minecraft:stone_axe":8,"minecraft:golden_sword":12,"minecraft:diamond_sword":4,"minecraft:furnace":1,"minecraft:cooked_porkchop":1,"minecraft:bucket":13,"minecraft:enchanted_golden_apple":6,"minecraft:cobbled_deepslate":26},"minecraft:mined":{"minecraft:tuff":46,"minecraft:white_bed":4,"minecraft:blackstone":2,"minecraft:deepslate_diamond_ore":26,"minecraft:obsidian":1,"minecraft:crafting_table":3,"minecraft:cornflower":1,"minecraft:torch":1,"minecraft:cobblestone":1,"minecraft:iron_ore":5,"minecraft:cobbled_deepslate":1,"minecraft:andesite":5,"minecraft:grass":2,"minecraft:oak_log":6,"minecraft:coal_ore":32,"minecraft:gravel":2,"minecraft:dirt":1,"minecraft:stone":95,"minecraft:netherrack":771,"minecraft:ancient_debris":14,"minecraft:deepslate":91},"minecraft:dropped":{"minecraft:iron_nugget":9,"minecraft:deepslate":1,"minecraft:raw_iron":1,"minecraft:flint_and_steel":1,"minecraft:flint":5,"minecraft:dirt":1,"minecraft:diamond_pickaxe":1,"minecraft:golden_sword":1,"minecraft:fire_charge":2}},"DataVersion":3465}