{"stats":{"minecraft:picked_up":{"minecraft:crafting_table":4,"minecraft:wheat":4,"minecraft:diamond_sword":1,"minecraft:oak_stairs":16,"minecraft:gold_block":64,"minecraft:cornflower":1,"minecraft:string":1,"minecraft:oak_trapdoor":16,"minecraft:flint_and_steel":1,"minecraft:netherite_scrap":2,"minecraft:netherite_ingot":3,"minecraft:blackstone":1,"minecraft:diamond_leggings":1,"minecraft:cobbled_deepslate":94,"minecraft:oak_boat":5,"minecraft:poppy":1,"minecraft:iron_pickaxe":1,"minecraft:enchanted_golden_apple":56,"minecraft:lectern":14,"minecraft:sugar_cane":33,"minecraft:diamond_hoe":1,"minecraft:egg":2,"minecraft:stick":198,"minecraft:raw_iron":5,"minecraft:sandstone":3,"minecraft:oak_door":4,"minecraft:composter":2,"minecraft:oak_fence":4,"minecraft:torch":12,"minecraft:porkchop":10,"minecraft:carrot":934,"minecraft:tnt":2,"minecraft:diamond_chestplate":1,"minecraft:beetroot_seeds":1,"minecraft:diamond_boots":1,"minecraft:hay_block":34,"minecraft:iron_block":56,"minecraft:saddle":1,"minecraft:gold_ingot":6,"minecraft:obsidian":42,"minecraft:mutton":5,"minecraft:white_wool":3,"minecraft:cobblestone":156,"minecraft:cooked_beef":9,"minecraft:water_bucket":1,"minecraft:andesite":5,"minecraft:potato":10,"minecraft:filled_map":3,"minecraft:flint":2,"minecraft:tuff":46,"minecraft:oak_log":38,"minecraft:ancient_debris":14,"minecraft:yellow_bed":1,"minecraft:cobblestone_wall":2,"minecraft:dirt":148,"minecraft:blue_bed":2,"minecraft:bone":2,"minecraft:bow":1,"minecraft:wheat_seeds":24,"minecraft:iron_ingot":46,"minecraft:fletching_table":4,"minecraft:diamond_helmet":1,"minecraft:oak_planks":43,"minecraft:book":14,"minecraft:oak_slab":10,"minecraft:chiseled_stone_bricks":1,"minecraft:sand":492,"minecraft:white_bed":10,"minecraft:diamond_block":64,"minecraft:mossy_cobblestone":2,"minecraft:diamond":58,"minecraft:diamond_axe":1,"minecraft:emerald":25,"minecraft:warped_roots":1,"minecraft:netherrack":891,"minecraft:coal":32,"minecraft:ender_pearl":5,"minecraft:diamond_pickaxe":1},"minecraft:used":{"minecraft:oak_fence":1,"minecraft:oak_trapdoor":27,"minecraft:netherite_sword":33,"minecraft:stone_sword":2,"minecraft:flint_and_steel":4,"minecraft:poppy":1,"minecraft:diamond_hoe":123,"minecraft:debug_stick":42,"minecraft:oak_door":5,"minecraft:netherrack":227,"minecraft:torch":8,"minecraft:dirt":4,"minecraft:mutton":3,"minecraft:anvil":2,"minecraft:carrot":173,"minecraft:tuff":15,"minecraft:spruce_fence":2,"minecraft:obsidian":11,"minecraft:lava_bucket":17,"minecraft:villager_spawn_egg":5,"minecraft:netherite_shovel":491,"minecraft:bookshelf":2,"minecraft:grass_block":6,"minecraft:oak_stairs":6,"minecraft:golden_sword":12,"minecraft:bow":12,"minecraft:furnace":1,"minecraft:beetroot_seeds":1,"minecraft:netherite_pickaxe":30,"minecraft:egg":1,"minecraft:potato":2,"minecraft:cooked_beef":30,"minecraft:cobbled_deepslate":28,"minecraft:enchanted_golden_apple":13,"minecraft:wheat_seeds":3,"minecraft:cooked_mutton":1,"minecraft:water_bucket":57,"minecraft:oak_planks":58,"minecraft:sugar_cane":20,"minecraft:stone_pickaxe":65,"minecraft:glass_bottle":14,"minecraft:wooden_pickaxe":59,"minecraft:blue_bed":5,"minecraft:diamond_axe":62,"minecraft:fletching_table":9,"minecraft:mossy_cobblestone":1,"minecraft:sand":5,"minecraft:oak_slab":25,"minecraft:tnt":2,"minecraft:crafting_table":6,"minecraft:white_bed":24,"minecraft:oak_log":49,"minecraft:diamond_pickaxe":1146,"minecraft:iron_pickaxe":9,"minecraft:netherite_axe":39,"minecraft:lectern":32,"minecraft:deepslate":1,"minecraft:stone_axe":8,"minecraft:diamond_sword":124,"minecraft:potion":14,"minecraft:cobblestone":55,"minecraft:cooked_porkchop":3,"minecraft:smithing_table":1,"minecraft:bucket":72,"minecraft:yellow_bed":1,"minecraft:oak_boat":3,"minecraft:experience_bottle":1},"minecraft:crafted":{"minecraft:oak_planks":2814,"minecraft:furnace":1,"minecraft:bookshelf":4,"minecraft:cooked_mutton":2,"minecraft:diamond":135,"minecraft:diamond_helmet":1,"minecraft:bow":2,"minecraft:diamond_leggings":1,"minecraft:stone_pickaxe":1,"minecraft:diamond_boots":1,"minecraft:netherite_upgrade_smithing_template":30,"minecraft:netherite_scrap":14,"minecraft:wheat":153,"minecraft:oak_slab":24,"minecraft:diamond_sword":1,"minecraft:emerald":254,"minecraft:cooked_porkchop":19,"minecraft:diamond_axe":1,"minecraft:crafting_table":3,"minecraft:wooden_pickaxe":1,"minecraft:blue_bed":1,"minecraft:bucket":1,"minecraft:stone_axe":1,"minecraft:enchanted_book":17,"minecraft:air":0,"minecraft:blue_dye":1,"minecraft:diamond_pickaxe":1,"minecraft:stick":5865,"minecraft:iron_ingot":49,"minecraft:iron_pickaxe":1,"minecraft:stone_sword":1,"minecraft:gold_ingot":18,"minecraft:anvil":1,"minecraft:white_bed":1,"minecraft:netherite_ingot":39,"minecraft:torch":4,"minecraft:diamond_chestplate":1},"minecraft:killed_by":{"minecraft:iron_golem":1},"minecraft:broken":{"minecraft:wooden_pickaxe":1},"minecraft:custom":{"minecraft:interact_with_smithing_table":6,"minecraft:interact_with_anvil":17,"minecraft:mob_kills":54,"minecraft:interact_with_crafting_table":38,"minecraft:bell_ring":21,"minecraft:leave_game":5,"minecraft:time_since_death":185180,"minecraft:damage_resisted":169,"minecraft:climb_one_cm":132,"minecraft:sprint_one_cm":612267,"minecraft:walk_one_cm":673253,"minecraft:drop":159,"minecraft:talked_to_villager":178,"minecraft:play_time":337184,"minecraft:sneak_time":22213,"minecraft:deaths":4,"minecraft:walk_under_water_one_cm":65442,"minecraft:boat_one_cm":638464,"minecraft:jump":4483,"minecraft:walk_on_water_one_cm":67996,"minecraft:total_world_time":337184,"minecraft:interact_with_furnace":11,"minecraft:traded_with_villager":277,"minecraft:sleep_in_bed":17,"minecraft:time_since_rest":23651,"minecraft:damage_taken":2982,"minecraft:damage_absorbed":217,"minecraft:damage_dealt":11614,"minecraft:swim_one_cm":80318,"minecraft:fly_one_cm":1126388,"minecraft:open_chest":71,"minecraft:crouch_one_cm":79647,"minecraft:fall_one_cm":124931,"minecraft:horse_one_cm":180943},"minecraft:killed":{"minecraft:spider":6,"minecraft:skeleton":4,"minecraft:guardian":1,"minecraft:chicken":1,"minecraft:drowned":1,"minecraft:turtle":1,"minecraft:wolf":1,"minecraft:pig":4,"minecraft:iron_golem":2,"minecraft:creeper":2,"minecraft:sheep":5,"minecraft:trader_llama":1,"minecraft:pillager":12,"minecraft:zombie":7,"minecraft:glow_squid":1,"minecraft:enderman":1},"minecraft:mined":{"minecraft:large_amethyst_bud":1,"minecraft:tuff":46,"minecraft:white_bed":10,"minecraft:farmland":1,"minecraft:mossy_cobblestone":2,"minecraft:deepslate_diamond_ore":26,"minecraft:oak_door":6,"minecraft:cobblestone_stairs":1,"minecraft:obsidian":42,"minecraft:budding_amethyst":1,"minecraft:grass_block":15,"minecraft:kelp":1,"minecraft:composter":2,"minecraft:sandstone":3,"minecraft:chiseled_stone_bricks":1,"minecraft:hay_block":17,"minecraft:oak_trapdoor":12,"minecraft:carrots":56,"minecraft:iron_ore":5,"minecraft:cobbled_deepslate":6,"minecraft:andesite":5,"minecraft:fletching_table":4,"minecraft:gold_block":2,"minecraft:bookshelf":2,"minecraft:potatoes":15,"minecraft:dirt_path":1,"minecraft:cobblestone_slab":1,"minecraft:small_amethyst_bud":2,"minecraft:oak_stairs":8,"minecraft:stone":97,"minecraft:oak_slab":10,"minecraft:glass_pane":3,"minecraft:blackstone":2,"minecraft:oak_fence":4,"minecraft:cornflower":1,"minecraft:crafting_table":3,"minecraft:torch":1,"minecraft:lectern":16,"minecraft:tall_grass":15,"minecraft:cobblestone":68,"minecraft:oak_planks":23,"minecraft:sugar_cane":14,"minecraft:blue_bed":2,"minecraft:wall_torch":2,"minecraft:amethyst_block":1,"minecraft:cobblestone_wall":2,"minecraft:wheat":4,"minecraft:yellow_bed":1,"minecraft:grass":145,"minecraft:oak_log":15,"minecraft:coal_ore":32,"minecraft:beetroots":1,"minecraft:gravel":2,"minecraft:sand":503,"minecraft:dirt":9,"minecraft:ancient_debris":14,"minecraft:netherrack":847,"minecraft:oak_leaves":1,"minecraft:deepslate":91},"minecraft:dropped":{"minecraft:enchanted_book":6,"minecraft:iron_ingot":48,"minecraft:porkchop":3,"minecraft:wheat_seeds":15,"minecraft:cooked_beef":16,"minecraft:oak_log":8,"minecraft:ender_pearl":1,"minecraft:diamond":34,"minecraft:crafting_table":1,"minecraft:bookshelf":1,"minecraft:cooked_porkchop":16,"minecraft:oak_fence":3,"minecraft:cobblestone":64,"minecraft:warped_roots":1,"minecraft:flint":10,"minecraft:emerald":18,"minecraft:gold_block":1,"minecraft:dirt":194,"minecraft:netherite_scrap":2,"minecraft:torch":4,"minecraft:fire_charge":2,"minecraft:potion":1,"minecraft:sand":17,"minecraft:string":1,"minecraft:iron_nugget":9,"minecraft:cobblestone_wall":2,"minecraft:cobbled_deepslate":66,"minecraft:deepslate":1,"minecraft:tuff":31,"minecraft:wheat":157,"minecraft:obsidian":31,"minecraft:composter":2,"minecraft:raw_iron":1,"minecraft:oak_planks":18,"minecraft:carrot":2605,"minecraft:flint_and_steel":1,"minecraft:filled_map":4,"minecraft:diamond_pickaxe":1,"minecraft:golden_sword":1,"minecraft:bow":1,"minecraft:netherrack":769,"minecraft:lectern":1}},"DataVersion":3465}