{"stats":{"minecraft:custom":{"minecraft:jump":35,"minecraft:time_since_rest":5650,"minecraft:crouch_one_cm":151,"minecraft:sprint_one_cm":2853,"minecraft:play_time":5650,"minecraft:time_since_death":5650,"minecraft:walk_one_cm":1700,"minecraft:sneak_time":56,"minecraft:total_world_time":5650,"minecraft:fall_one_cm":209,"minecraft:fly_one_cm":2567},"minecraft:mined":{"minecraft:grass":1,"minecraft:grass_block":1,"minecraft:dirt":1},"minecraft:used":{"minecraft:dirt":2},"minecraft:picked_up":{"minecraft:dirt":2}},"DataVersion":3465}