{"stats":{"minecraft:broken":{"minecraft:wooden_pickaxe":1},"minecraft:custom":{"minecraft:interact_with_crafting_table":44,"minecraft:bell_ring":67,"minecraft:leave_game":9,"minecraft:time_since_death":421359,"minecraft:damage_resisted":3716,"minecraft:sprint_one_cm":923400,"minecraft:drop":336,"minecraft:talked_to_villager":329,"minecraft:play_time":573363,"minecraft:deaths":4,"minecraft:jump":7482,"minecraft:walk_on_water_one_cm":146500,"minecraft:enchant_item":14,"minecraft:interact_with_furnace":11,"minecraft:traded_with_villager":425,"minecraft:sleep_in_bed":21,"minecraft:damage_dealt":30163,"minecraft:crouch_one_cm":175872,"minecraft:horse_one_cm":641904,"minecraft:interact_with_smithing_table":11,"minecraft:mob_kills":151,"minecraft:interact_with_anvil":23,"minecraft:climb_one_cm":725,"minecraft:walk_one_cm":1168454,"minecraft:raid_win":1,"minecraft:sneak_time":50800,"minecraft:walk_under_water_one_cm":138432,"minecraft:boat_one_cm":658995,"minecraft:total_world_time":573363,"minecraft:raid_trigger":1,"minecraft:interact_with_grindstone":7,"minecraft:time_since_rest":15016,"minecraft:damage_taken":5025,"minecraft:damage_absorbed":1918,"minecraft:minecart_one_cm":52484,"minecraft:swim_one_cm":130357,"minecraft:fly_one_cm":1893569,"minecraft:open_chest":98,"minecraft:fall_one_cm":186292},"minecraft:crafted":{"minecraft:oak_planks":2818,"minecraft:bookshelf":28,"minecraft:cooked_mutton":2,"minecraft:diamond_helmet":2,"minecraft:diamond_leggings":1,"minecraft:bow":2,"minecraft:chest":2,"minecraft:netherite_upgrade_smithing_template":30,"minecraft:oak_slab":24,"minecraft:emerald":374,"minecraft:cooked_porkchop":19,"minecraft:diamond_axe":1,"minecraft:crafting_table":3,"minecraft:wooden_pickaxe":1,"minecraft:gold_block":1,"minecraft:diamond_pickaxe":1,"minecraft:netherite_block":2,"minecraft:stick":6417,"minecraft:iron_ingot":67,"minecraft:iron_pickaxe":1,"minecraft:stone_sword":1,"minecraft:gold_ingot":27,"minecraft:netherite_ingot":57,"minecraft:furnace":1,"minecraft:diamond_block":1,"minecraft:netherite_chestplate":1,"minecraft:diamond":162,"minecraft:stone_pickaxe":1,"minecraft:diamond_boots":3,"minecraft:netherite_scrap":14,"minecraft:dark_oak_planks":564,"minecraft:wheat":153,"minecraft:diamond_sword":1,"minecraft:blue_bed":1,"minecraft:bucket":1,"minecraft:stone_axe":1,"minecraft:enchanted_book":21,"minecraft:air":0,"minecraft:blue_dye":1,"minecraft:anvil":2,"minecraft:white_bed":1,"minecraft:torch":4,"minecraft:diamond_chestplate":1},"minecraft:mined":{"minecraft:dark_oak_planks":32,"minecraft:large_amethyst_bud":1,"minecraft:white_bed":10,"minecraft:farmland":1,"minecraft:cobblestone_stairs":1,"minecraft:obsidian":42,"minecraft:budding_amethyst":1,"minecraft:grass_block":15,"minecraft:composter":2,"minecraft:chiseled_stone_bricks":1,"minecraft:dark_oak_trapdoor":2,"minecraft:iron_ore":5,"minecraft:cobbled_deepslate":9,"minecraft:fletching_table":4,"minecraft:dirt_path":1,"minecraft:oak_stairs":31,"minecraft:small_amethyst_bud":2,"minecraft:blackstone":2,"minecraft:kelp_plant":1,"minecraft:torch":1,"minecraft:nether_quartz_ore":2,"minecraft:glass":1,"minecraft:cobblestone":75,"minecraft:sugar_cane":14,"minecraft:oak_planks":56,"minecraft:wall_torch":2,"minecraft:amethyst_block":1,"minecraft:powered_rail":12,"minecraft:wheat":4,"minecraft:stripped_oak_wood":1,"minecraft:grass":152,"minecraft:oak_log":15,"minecraft:beetroots":1,"minecraft:sand":503,"minecraft:dirt":30,"minecraft:red_mushroom_block":1,"minecraft:netherrack":1121,"minecraft:ancient_debris":14,"minecraft:oak_leaves":1,"minecraft:deepslate":91,"minecraft:nether_gold_ore":2,"minecraft:tuff":46,"minecraft:mossy_cobblestone":2,"minecraft:dark_oak_leaves":9,"minecraft:deepslate_diamond_ore":26,"minecraft:oak_door":6,"minecraft:dark_oak_log":723,"minecraft:nether_bricks":18,"minecraft:kelp":1,"minecraft:sandstone":3,"minecraft:hay_block":17,"minecraft:oak_trapdoor":16,"minecraft:carrots":56,"minecraft:andesite":5,"minecraft:nether_brick_fence":1,"minecraft:gold_block":2,"minecraft:bookshelf":4,"minecraft:potatoes":15,"minecraft:cobblestone_slab":1,"minecraft:rail":9,"minecraft:stone":100,"minecraft:redstone_wall_torch":1,"minecraft:oak_slab":27,"minecraft:glass_pane":3,"minecraft:oak_fence":5,"minecraft:crafting_table":3,"minecraft:cornflower":1,"minecraft:warped_roots":1,"minecraft:lectern":70,"minecraft:tall_grass":16,"minecraft:blue_bed":2,"minecraft:cobblestone_wall":2,"minecraft:redstone_torch":2,"minecraft:yellow_bed":1,"minecraft:coal_ore":32,"minecraft:gravel":2,"minecraft:stone_bricks":1},"minecraft:killed":{"minecraft:witch":3,"minecraft:spider":6,"minecraft:dolphin":1,"minecraft:skeleton":5,"minecraft:guardian":1,"minecraft:chicken":1,"minecraft:turtle":1,"minecraft:wolf":1,"minecraft:pig":4,"minecraft:iron_golem":7,"minecraft:creeper":3,"minecraft:sheep":5,"minecraft:trader_llama":1,"minecraft:pillager":30,"minecraft:zombie":17,"minecraft:glow_squid":1,"minecraft:blaze":5,"minecraft:evoker":5,"minecraft:vex":3,"minecraft:endermite":1,"minecraft:vindicator":19,"minecraft:drowned":2,"minecraft:ravager":2,"minecraft:villager":13,"minecraft:enderman":1},"minecraft:killed_by":{"minecraft:iron_golem":1},"minecraft:used":{"minecraft:spruce_slab":3,"minecraft:diamond_hoe":123,"minecraft:poppy":1,"minecraft:chest":2,"minecraft:farmland":81,"minecraft:debug_stick":42,"minecraft:mutton":3,"minecraft:carrot":474,"minecraft:tuff":15,"minecraft:obsidian":11,"minecraft:glass":21,"minecraft:lava_bucket":17,"minecraft:netherite_shovel":511,"minecraft:villager_spawn_egg":20,"minecraft:grass_block":6,"minecraft:netherite_hoe":195,"minecraft:dark_oak_slab":598,"minecraft:stone_bricks":1,"minecraft:netherite_boots":2,"minecraft:golden_sword":12,"minecraft:bow":106,"minecraft:furnace":1,"minecraft:cooked_cod":4,"minecraft:beetroot_seeds":1,"minecraft:egg":1,"minecraft:potato":2,"minecraft:diamond_boots":2,"minecraft:stone_pickaxe":65,"minecraft:powered_rail":14,"minecraft:oak_planks":58,"minecraft:ender_pearl":3,"minecraft:wooden_pickaxe":59,"minecraft:composter":7,"minecraft:blue_bed":5,"minecraft:diamond_axe":62,"minecraft:sugar_cane":20,"minecraft:cookie":1,"minecraft:dark_oak_trapdoor":72,"minecraft:sand":25,"minecraft:netherite_helmet":1,"minecraft:redstone_torch":10,"minecraft:dark_oak_log":18,"minecraft:lectern":84,"minecraft:deepslate":1,"minecraft:diamond_sword":124,"minecraft:smithing_table":1,"minecraft:oak_boat":4,"minecraft:experience_bottle":1,"minecraft:oak_fence":2,"minecraft:oak_trapdoor":38,"minecraft:trident":3,"minecraft:netherite_sword":243,"minecraft:stone_sword":2,"minecraft:flint_and_steel":4,"minecraft:netherrack":234,"minecraft:oak_door":5,"minecraft:torch":45,"minecraft:dirt":190,"minecraft:anvil":3,"minecraft:diamond_helmet":1,"minecraft:spruce_fence":2,"minecraft:dark_oak_planks":828,"minecraft:bookshelf":29,"minecraft:oak_stairs":25,"minecraft:totem_of_undying":1,"minecraft:minecart":8,"minecraft:netherite_pickaxe":346,"minecraft:cooked_beef":41,"minecraft:cobbled_deepslate":31,"minecraft:enchanted_golden_apple":26,"minecraft:wheat_seeds":3,"minecraft:cooked_mutton":1,"minecraft:water_bucket":120,"minecraft:glass_bottle":14,"minecraft:fletching_table":9,"minecraft:mossy_cobblestone":1,"minecraft:rail":31,"minecraft:tnt":2,"minecraft:oak_slab":26,"minecraft:crafting_table":6,"minecraft:white_bed":36,"minecraft:oak_log":49,"minecraft:diamond_pickaxe":1146,"minecraft:iron_pickaxe":9,"minecraft:netherite_axe":966,"minecraft:stone_axe":8,"minecraft:cobblestone":62,"minecraft:potion":14,"minecraft:white_banner":5,"minecraft:cooked_porkchop":3,"minecraft:bucket":125,"minecraft:yellow_bed":1,"minecraft:pumpkin_pie":1},"minecraft:dropped":{"minecraft:porkchop":3,"minecraft:cooked_beef":45,"minecraft:oak_log":8,"minecraft:ender_pearl":1,"minecraft:diamond":34,"minecraft:crafting_table":1,"minecraft:cooked_porkchop":16,"minecraft:cookie":3,"minecraft:warped_roots":2,"minecraft:emerald":130,"minecraft:flint":10,"minecraft:gold_block":1,"minecraft:dirt":200,"minecraft:netherite_scrap":2,"minecraft:netherite_boots":1,"minecraft:pumpkin_pie":4,"minecraft:sand":302,"minecraft:iron_nugget":9,"minecraft:cobbled_deepslate":66,"minecraft:wheat":157,"minecraft:obsidian":31,"minecraft:rotten_flesh":30,"minecraft:oak_planks":34,"minecraft:carrot":3822,"minecraft:poppy":4,"minecraft:trident":1,"minecraft:gunpowder":3,"minecraft:glass":2,"minecraft:netherrack":771,"minecraft:lectern":1,"minecraft:egg":1,"minecraft:enchanted_book":7,"minecraft:iron_ingot":48,"minecraft:oak_slab":24,"minecraft:wheat_seeds":18,"minecraft:mossy_cobblestone":1,"minecraft:bookshelf":2,"minecraft:netherite_helmet":1,"minecraft:netherite_chestplate":1,"minecraft:oak_fence":6,"minecraft:book":8,"minecraft:cobblestone":64,"minecraft:coal":128,"minecraft:dark_oak_leaves":5,"minecraft:torch":7,"minecraft:fire_charge":2,"minecraft:potion":1,"minecraft:oak_stairs":5,"minecraft:string":1,"minecraft:anvil":1,"minecraft:kelp":1,"minecraft:oak_trapdoor":1,"minecraft:netherite_ingot":2,"minecraft:cobblestone_wall":2,"minecraft:deepslate":1,"minecraft:tuff":31,"minecraft:composter":2,"minecraft:raw_iron":1,"minecraft:totem_of_undying":2,"minecraft:netherite_leggings":1,"minecraft:flint_and_steel":1,"minecraft:diamond_sword":1,"minecraft:filled_map":4,"minecraft:potato":4,"minecraft:diamond_pickaxe":1,"minecraft:golden_sword":1,"minecraft:spider_eye":7,"minecraft:bow":1},"minecraft:picked_up":{"minecraft:wheat":4,"minecraft:nether_brick_fence":1,"minecraft:lead":7,"minecraft:diamond_sword":2,"minecraft:oak_stairs":36,"minecraft:enchanted_book":3,"minecraft:potion":1,"minecraft:string":3,"minecraft:dark_oak_trapdoor":2,"minecraft:netherite_ingot":3,"minecraft:diamond_leggings":1,"minecraft:gold_nugget":24,"minecraft:cobbled_deepslate":97,"minecraft:dark_oak_leaves":5,"minecraft:redstone_torch":5,"minecraft:enchanted_golden_apple":56,"minecraft:iron_pickaxe":1,"minecraft:tipped_arrow":2,"minecraft:stick":201,"minecraft:composter":2,"minecraft:oak_fence":8,"minecraft:torch":17,"minecraft:porkchop":10,"minecraft:rotten_flesh":30,"minecraft:iron_block":56,"minecraft:bookshelf":3,"minecraft:netherite_chestplate":1,"minecraft:blaze_rod":13,"minecraft:obsidian":42,"minecraft:cobblestone":176,"minecraft:cooked_beef":9,"minecraft:water_bucket":1,"minecraft:andesite":5,"minecraft:potato":14,"minecraft:flint":2,"minecraft:tuff":46,"minecraft:netherite_leggings":1,"minecraft:dirt":169,"minecraft:glass":1,"minecraft:bone":2,"minecraft:bow":1,"minecraft:wheat_seeds":26,"minecraft:fletching_table":4,"minecraft:diamond_helmet":2,"minecraft:powered_rail":11,"minecraft:oak_planks":61,"minecraft:sand":510,"minecraft:diamond_block":64,"minecraft:dark_oak_log":711,"minecraft:mossy_cobblestone":2,"minecraft:clay":1,"minecraft:diamond":61,"minecraft:crossbow":1,"minecraft:bread":3,"minecraft:emerald":71,"minecraft:netherrack":1144,"minecraft:diamond_pickaxe":1,"minecraft:crafting_table":4,"minecraft:gold_block":64,"minecraft:cornflower":1,"minecraft:oak_trapdoor":20,"minecraft:flint_and_steel":1,"minecraft:netherite_scrap":2,"minecraft:blackstone":1,"minecraft:oak_boat":5,"minecraft:chest":1,"minecraft:poppy":5,"minecraft:lectern":67,"minecraft:minecart":8,"minecraft:sugar_cane":33,"minecraft:diamond_hoe":1,"minecraft:egg":3,"minecraft:dark_oak_sapling":11,"minecraft:raw_iron":5,"minecraft:sandstone":3,"minecraft:oak_door":4,"minecraft:cookie":4,"minecraft:trident":1,"minecraft:carrot":937,"minecraft:dark_oak_planks":29,"minecraft:tnt":2,"minecraft:cooked_cod":4,"minecraft:arrow":12,"minecraft:diamond_chestplate":1,"minecraft:beetroot_seeds":1,"minecraft:pumpkin_pie":5,"minecraft:diamond_boots":1,"minecraft:hay_block":34,"minecraft:totem_of_undying":4,"minecraft:saddle":1,"minecraft:gold_ingot":6,"minecraft:mutton":5,"minecraft:white_wool":3,"minecraft:rail":8,"minecraft:filled_map":3,"minecraft:oak_log":38,"minecraft:ancient_debris":14,"minecraft:gunpowder":3,"minecraft:yellow_bed":1,"minecraft:cobblestone_wall":2,"minecraft:blue_bed":2,"minecraft:white_banner":5,"minecraft:stone_bricks":1,"minecraft:apple":2,"minecraft:kelp":1,"minecraft:iron_ingot":64,"minecraft:stripped_oak_wood":1,"minecraft:book":36,"minecraft:oak_slab":26,"minecraft:chiseled_stone_bricks":1,"minecraft:quartz":5,"minecraft:white_bed":10,"minecraft:spider_eye":7,"minecraft:diamond_axe":1,"minecraft:warped_roots":2,"minecraft:coal":32,"minecraft:ender_pearl":6}},"DataVersion":3465}