{"stats":{"minecraft:killed_by":{"minecraft:iron_golem":1,"minecraft:skeleton":1},"minecraft:killed":{"minecraft:witch":4,"minecraft:spider":21,"minecraft:dolphin":1,"minecraft:shulker":8,"minecraft:skeleton":19,"minecraft:guardian":1,"minecraft:chicken":2,"minecraft:silverfish":83,"minecraft:turtle":1,"minecraft:wolf":1,"minecraft:piglin":2,"minecraft:pig":6,"minecraft:zombie_villager":1,"minecraft:iron_golem":8,"minecraft:ender_dragon":1,"minecraft:creeper":16,"minecraft:sheep":8,"minecraft:trader_llama":1,"minecraft:pillager":31,"minecraft:goat":5,"minecraft:zombie":57,"minecraft:ghast":4,"minecraft:glow_squid":1,"minecraft:blaze":12,"minecraft:evoker":5,"minecraft:vex":3,"minecraft:endermite":1,"minecraft:vindicator":21,"minecraft:horse":5,"minecraft:drowned":2,"minecraft:warden":4,"minecraft:husk":2,"minecraft:ravager":2,"minecraft:wither_skeleton":5,"minecraft:villager":49,"minecraft:enderman":21},"minecraft:mined":{"minecraft:dark_oak_planks":39,"minecraft:large_amethyst_bud":1,"minecraft:stone_pressure_plate":1,"minecraft:white_bed":13,"minecraft:farmland":1,"minecraft:cobbled_deepslate_stairs":2,"minecraft:cherry_log":85,"minecraft:fire_coral_wall_fan":2,"minecraft:sculk_vein":4,"minecraft:cobblestone_stairs":1,"minecraft:obsidian":43,"minecraft:granite":11,"minecraft:budding_amethyst":1,"minecraft:grass_block":17,"minecraft:horn_coral_fan":2,"minecraft:bubble_coral_fan":1,"minecraft:bubble_coral_block":15,"minecraft:tube_coral_block":5,"minecraft:composter":2,"minecraft:chiseled_stone_bricks":1,"minecraft:spawner":1,"minecraft:tall_seagrass":2,"minecraft:dark_oak_trapdoor":3,"minecraft:iron_ore":7,"minecraft:fire":17,"minecraft:cobbled_deepslate":9,"minecraft:fletching_table":4,"minecraft:dirt_path":1,"minecraft:iron_bars":1,"minecraft:small_amethyst_bud":2,"minecraft:oak_stairs":31,"minecraft:end_stone_bricks":1,"minecraft:brain_coral_block":17,"minecraft:cut_sandstone":13,"minecraft:blackstone":70,"minecraft:kelp_plant":1,"minecraft:orange_terracotta":5,"minecraft:purpur_stairs":1,"minecraft:clay":4,"minecraft:torch":1,"minecraft:glass":7,"minecraft:nether_quartz_ore":22,"minecraft:cobblestone":89,"minecraft:tube_coral_fan":1,"minecraft:oak_planks":57,"minecraft:sugar_cane":106,"minecraft:wall_torch":2,"minecraft:amethyst_block":1,"minecraft:pink_petals":6,"minecraft:seagrass":4,"minecraft:fire_coral_fan":1,"minecraft:powered_rail":12,"minecraft:wheat":4,"minecraft:stripped_oak_wood":1,"minecraft:tnt":17,"minecraft:purpur_block":2,"minecraft:grass":229,"minecraft:oak_log":17,"minecraft:beetroots":1,"minecraft:sand":503,"minecraft:dirt":34,"minecraft:blue_shulker_box":1,"minecraft:wither_skeleton_skull":3,"minecraft:red_mushroom_block":1,"minecraft:ancient_debris":14,"minecraft:netherrack":2461,"minecraft:horn_coral_block":1,"minecraft:oak_leaves":5,"minecraft:deepslate":104,"minecraft:nether_gold_ore":8,"minecraft:tube_coral":1,"minecraft:pink_shulker_box":2,"minecraft:tuff":46,"minecraft:mossy_cobblestone":2,"minecraft:dark_oak_leaves":9,"minecraft:deepslate_diamond_ore":26,"minecraft:oak_door":6,"minecraft:dark_oak_log":729,"minecraft:stripped_cherry_log":2,"minecraft:end_stone":15,"minecraft:shulker_box":3,"minecraft:nether_bricks":19,"minecraft:tube_coral_wall_fan":13,"minecraft:spruce_leaves":4,"minecraft:kelp":3,"minecraft:sandstone":11,"minecraft:horn_coral_wall_fan":5,"minecraft:horn_coral":2,"minecraft:hay_block":17,"minecraft:oak_trapdoor":17,"minecraft:carrots":56,"minecraft:snow":1,"minecraft:andesite":11,"minecraft:gold_block":2,"minecraft:nether_brick_fence":1,"minecraft:polished_deepslate":3,"minecraft:bookshelf":5,"minecraft:potatoes":15,"minecraft:cobblestone_slab":1,"minecraft:rail":9,"minecraft:brain_coral_wall_fan":3,"minecraft:stone":172,"minecraft:fire_coral_block":13,"minecraft:ender_chest":3,"minecraft:brain_coral":3,"minecraft:redstone_wall_torch":1,"minecraft:oak_slab":27,"minecraft:glass_pane":3,"minecraft:magenta_stained_glass":1,"minecraft:snow_block":2,"minecraft:basalt":591,"minecraft:oak_fence":5,"minecraft:crafting_table":3,"minecraft:cornflower":1,"minecraft:warped_roots":1,"minecraft:lectern":70,"minecraft:stone_slab":1,"minecraft:brain_coral_fan":2,"minecraft:purpur_pillar":2,"minecraft:tall_grass":68,"minecraft:sculk":2,"minecraft:blue_bed":2,"minecraft:lime_bed":1,"minecraft:gray_wool":528,"minecraft:cobblestone_wall":2,"minecraft:sea_pickle":5,"minecraft:redstone_torch":2,"minecraft:birch_leaves":1,"minecraft:yellow_bed":1,"minecraft:coal_ore":40,"minecraft:end_rod":7,"minecraft:cherry_leaves":3,"minecraft:bubble_coral_wall_fan":8,"minecraft:gravel":2,"minecraft:stone_bricks":1,"minecraft:infested_stone":109},"minecraft:dropped":{"minecraft:porkchop":3,"minecraft:diamond_axe":1,"minecraft:lapis_lazuli":31,"minecraft:cooked_beef":46,"minecraft:oak_log":8,"minecraft:ender_pearl":16,"minecraft:glass_bottle":16,"minecraft:diamond":34,"minecraft:crafting_table":1,"minecraft:cooked_porkchop":19,"minecraft:cookie":3,"minecraft:warped_roots":2,"minecraft:leather":15,"minecraft:cracked_stone_bricks":1,"minecraft:purpur_stairs":1,"minecraft:elytra":2,"minecraft:flint":10,"minecraft:emerald":130,"minecraft:gold_block":1,"minecraft:dirt":277,"minecraft:netherite_scrap":2,"minecraft:cornflower":4,"minecraft:cut_sandstone":1,"minecraft:netherite_boots":2,"minecraft:snowball":11,"minecraft:gold_nugget":24,"minecraft:pumpkin_pie":4,"minecraft:sand":302,"minecraft:white_wool":2,"minecraft:bone":5,"minecraft:purpur_block":2,"minecraft:sugar_cane":58,"minecraft:iron_nugget":9,"minecraft:cobbled_deepslate":66,"minecraft:netherite_sword":2,"minecraft:wheat":157,"minecraft:obsidian":47,"minecraft:cherry_sapling":8,"minecraft:rotten_flesh":63,"minecraft:enchanted_golden_apple":1,"minecraft:oak_planks":34,"minecraft:end_stone":1,"minecraft:cooked_mutton":6,"minecraft:carrot":3822,"minecraft:poppy":10,"minecraft:trident":2,"minecraft:gunpowder":9,"minecraft:basalt":61,"minecraft:glass":4,"minecraft:quartz":9,"minecraft:netherrack":835,"minecraft:lectern":1,"minecraft:firework_rocket":882,"minecraft:egg":1,"minecraft:enchanted_book":13,"minecraft:iron_ingot":53,"minecraft:oak_slab":24,"minecraft:netherite_pickaxe":4,"minecraft:wheat_seeds":33,"minecraft:cherry_log":261,"minecraft:mossy_cobblestone":1,"minecraft:bookshelf":2,"minecraft:netherite_helmet":1,"minecraft:netherite_axe":1,"minecraft:poisonous_potato":2,"minecraft:netherite_chestplate":1,"minecraft:oak_fence":6,"minecraft:feather":1,"minecraft:cobblestone":144,"minecraft:book":18,"minecraft:granite":22,"minecraft:spruce_button":1,"minecraft:grass_block":1,"minecraft:coal":128,"minecraft:dark_oak_leaves":5,"minecraft:gray_wool":70,"minecraft:torch":7,"minecraft:fire_charge":2,"minecraft:potion":1,"minecraft:oak_stairs":5,"minecraft:string":4,"minecraft:pink_petals":8,"minecraft:spruce_sapling":1,"minecraft:polished_deepslate":1,"minecraft:anvil":1,"minecraft:kelp":1,"minecraft:oak_trapdoor":1,"minecraft:ender_chest":2,"minecraft:netherite_ingot":2,"minecraft:blaze_rod":28,"minecraft:cobblestone_wall":2,"minecraft:deepslate":1,"minecraft:tuff":31,"minecraft:raw_iron":1,"minecraft:composter":2,"minecraft:wither_skeleton_skull":1,"minecraft:totem_of_undying":2,"minecraft:shulker_box":1,"minecraft:netherite_leggings":2,"minecraft:flint_and_steel":1,"minecraft:filled_map":4,"minecraft:diamond_sword":1,"minecraft:snow":1,"minecraft:potato":5,"minecraft:oak_button":2,"minecraft:diamond_pickaxe":1,"minecraft:pink_shulker_box":3,"minecraft:golden_sword":1,"minecraft:spider_eye":73,"minecraft:sandstone":3,"minecraft:bow":3},"minecraft:crafted":{"minecraft:oak_planks":2818,"minecraft:bookshelf":29,"minecraft:cooked_mutton":2,"minecraft:quartz_block":16,"minecraft:diamond_helmet":2,"minecraft:diamond_leggings":1,"minecraft:bow":2,"minecraft:chest":2,"minecraft:netherite_upgrade_smithing_template":30,"minecraft:oak_slab":24,"minecraft:emerald":374,"minecraft:cooked_porkchop":19,"minecraft:diamond_axe":1,"minecraft:crafting_table":3,"minecraft:wooden_pickaxe":1,"minecraft:gold_block":1,"minecraft:paper":75,"minecraft:diamond_pickaxe":1,"minecraft:netherite_block":2,"minecraft:stick":6417,"minecraft:iron_ingot":67,"minecraft:iron_pickaxe":1,"minecraft:stone_sword":1,"minecraft:snow_block":34,"minecraft:gold_ingot":27,"minecraft:netherite_ingot":57,"minecraft:furnace":1,"minecraft:diamond_block":1,"minecraft:netherite_chestplate":1,"minecraft:diamond":162,"minecraft:stone_pickaxe":1,"minecraft:diamond_boots":3,"minecraft:netherite_scrap":14,"minecraft:dark_oak_planks":704,"minecraft:wheat":153,"minecraft:diamond_sword":1,"minecraft:blue_bed":1,"minecraft:bucket":1,"minecraft:stone_axe":1,"minecraft:enchanted_book":24,"minecraft:air":0,"minecraft:blue_dye":1,"minecraft:anvil":4,"minecraft:white_bed":1,"minecraft:torch":4,"minecraft:diamond_chestplate":1,"minecraft:firework_rocket":192},"minecraft:broken":{"minecraft:wooden_pickaxe":1},"minecraft:used":{"minecraft:blue_terracotta":1,"minecraft:elytra":21,"minecraft:spruce_slab":3,"minecraft:ladder":5,"minecraft:poppy":1,"minecraft:diamond_hoe":123,"minecraft:chest":2,"minecraft:stone":12,"minecraft:farmland":81,"minecraft:debug_stick":42,"minecraft:mutton":3,"minecraft:carrot":474,"minecraft:tuff":15,"minecraft:snowball":16,"minecraft:obsidian":56,"minecraft:glass":27,"minecraft:netherite_shovel":519,"minecraft:lava_bucket":17,"minecraft:villager_spawn_egg":20,"minecraft:grass_block":6,"minecraft:quartz_block":16,"minecraft:netherite_hoe":195,"minecraft:dark_oak_slab":598,"minecraft:stone_bricks":1,"minecraft:netherite_boots":2,"minecraft:golden_sword":12,"minecraft:snow":112,"minecraft:bow":356,"minecraft:blue_shulker_box":1,"minecraft:furnace":1,"minecraft:cooked_cod":4,"minecraft:beetroot_seeds":1,"minecraft:egg":1,"minecraft:potato":2,"minecraft:diamond_boots":3,"minecraft:oak_planks":59,"minecraft:wither_skeleton_skull":3,"minecraft:infested_stone":64,"minecraft:stone_pickaxe":65,"minecraft:powered_rail":14,"minecraft:diamond_axe":62,"minecraft:sandstone":14,"minecraft:ender_pearl":37,"minecraft:wooden_pickaxe":59,"minecraft:composter":7,"minecraft:blue_bed":5,"minecraft:sugar_cane":20,"minecraft:cookie":1,"minecraft:dark_oak_trapdoor":73,"minecraft:sand":25,"minecraft:netherite_helmet":4,"minecraft:shears":520,"minecraft:redstone_torch":10,"minecraft:firework_rocket":329,"minecraft:dark_oak_log":25,"minecraft:lectern":84,"minecraft:deepslate":1,"minecraft:diamond_sword":521,"minecraft:fire_charge":2,"minecraft:smithing_table":1,"minecraft:stripped_cherry_log":2,"minecraft:oak_boat":5,"minecraft:oak_fence":18,"minecraft:experience_bottle":1,"minecraft:oak_trapdoor":39,"minecraft:trident":167,"minecraft:netherite_sword":490,"minecraft:stone_sword":2,"minecraft:flint_and_steel":4,"minecraft:ender_chest":4,"minecraft:oak_door":5,"minecraft:netherrack":1424,"minecraft:torch":51,"minecraft:dirt":190,"minecraft:anvil":7,"minecraft:diamond_helmet":3,"minecraft:shulker_box":3,"minecraft:spruce_fence":2,"minecraft:dark_oak_planks":949,"minecraft:bookshelf":30,"minecraft:oak_stairs":25,"minecraft:spruce_button":4,"minecraft:diamond_chestplate":1,"minecraft:totem_of_undying":2,"minecraft:glowstone":43,"minecraft:basalt":150,"minecraft:cherry_log":1,"minecraft:netherite_pickaxe":2822,"minecraft:minecart":8,"minecraft:orange_terracotta":11,"minecraft:stone_pressure_plate":1,"minecraft:enchanted_golden_apple":65,"minecraft:cooked_beef":53,"minecraft:cobbled_deepslate":31,"minecraft:calcite":1,"minecraft:cooked_mutton":7,"minecraft:wheat_seeds":3,"minecraft:water_bucket":134,"minecraft:snow_block":121,"minecraft:glass_bottle":14,"minecraft:netherite_chestplate":18,"minecraft:cut_sandstone":14,"minecraft:green_bed":1,"minecraft:fletching_table":9,"minecraft:stonecutter":2,"minecraft:mossy_cobblestone":1,"minecraft:rail":31,"minecraft:lime_bed":1,"minecraft:tnt":21,"minecraft:crafting_table":6,"minecraft:oak_slab":26,"minecraft:white_bed":39,"minecraft:oak_log":49,"minecraft:ender_eye":1,"minecraft:diamond_pickaxe":1146,"minecraft:command_block":9,"minecraft:oak_button":5,"minecraft:iron_pickaxe":9,"minecraft:netherite_axe":1183,"minecraft:stone_slab":1,"minecraft:stone_axe":8,"minecraft:cobblestone":72,"minecraft:potion":14,"minecraft:white_banner":5,"minecraft:cooked_porkchop":14,"minecraft:pink_shulker_box":1,"minecraft:bucket":139,"minecraft:pumpkin_pie":1,"minecraft:yellow_bed":1,"minecraft:gray_wool":600,"minecraft:diamond_leggings":1,"minecraft:sculk_catalyst":1},"minecraft:custom":{"minecraft:interact_with_crafting_table":50,"minecraft:open_shulker_box":25,"minecraft:bell_ring":67,"minecraft:leave_game":30,"minecraft:time_since_death":19177,"minecraft:damage_resisted":14488,"minecraft:sprint_one_cm":1761271,"minecraft:drop":471,"minecraft:talked_to_villager":349,"minecraft:play_time":1141761,"minecraft:deaths":6,"minecraft:jump":13606,"minecraft:walk_on_water_one_cm":285535,"minecraft:enchant_item":14,"minecraft:interact_with_furnace":11,"minecraft:traded_with_villager":429,"minecraft:sleep_in_bed":34,"minecraft:open_enderchest":3,"minecraft:damage_dealt":85229,"minecraft:player_kills":1,"minecraft:crouch_one_cm":388832,"minecraft:horse_one_cm":642996,"minecraft:interact_with_smithing_table":11,"minecraft:interact_with_anvil":93,"minecraft:mob_kills":440,"minecraft:damage_dealt_resisted":103,"minecraft:climb_one_cm":3209,"minecraft:walk_one_cm":1734517,"minecraft:raid_win":1,"minecraft:sneak_time":84947,"minecraft:walk_under_water_one_cm":362403,"minecraft:boat_one_cm":813144,"minecraft:total_world_time":1141761,"minecraft:raid_trigger":1,"minecraft:interact_with_grindstone":7,"minecraft:interact_with_stonecutter":1,"minecraft:time_since_rest":3310,"minecraft:damage_absorbed":4214,"minecraft:damage_taken":9395,"minecraft:minecart_one_cm":52484,"minecraft:swim_one_cm":394813,"minecraft:fly_one_cm":3773030,"minecraft:open_chest":155,"minecraft:aviate_one_cm":16916386,"minecraft:fall_one_cm":410198},"minecraft:picked_up":{"minecraft:shulker_shell":7,"minecraft:stone_slab":1,"minecraft:wheat":4,"minecraft:ender_chest":14,"minecraft:nether_brick_fence":1,"minecraft:anvil":1,"minecraft:lead":7,"minecraft:diamond_sword":2,"minecraft:oak_stairs":36,"minecraft:potion":1,"minecraft:enchanted_book":10,"minecraft:brain_coral_block":17,"minecraft:infested_stone":64,"minecraft:polished_deepslate":1,"minecraft:string":53,"minecraft:dark_oak_trapdoor":3,"minecraft:netherite_ingot":3,"minecraft:pink_shulker_box":7,"minecraft:sea_pickle":15,"minecraft:diamond_leggings":2,"minecraft:gold_nugget":175,"minecraft:cobbled_deepslate":97,"minecraft:dark_oak_leaves":5,"minecraft:horn_coral_block":1,"minecraft:redstone_torch":5,"minecraft:ender_eye":7,"minecraft:iron_pickaxe":1,"minecraft:enchanted_golden_apple":83,"minecraft:tipped_arrow":2,"minecraft:stick":204,"minecraft:composter":2,"minecraft:oak_fence":8,"minecraft:torch":141,"minecraft:purpur_pillar":2,"minecraft:snow_block":2,"minecraft:porkchop":10,"minecraft:netherite_shovel":2,"minecraft:cherry_log":70,"minecraft:horn_coral_fan":7,"minecraft:rotten_flesh":117,"minecraft:iron_block":56,"minecraft:bookshelf":3,"minecraft:end_rod":6,"minecraft:netherite_chestplate":3,"minecraft:fire_coral_fan":3,"minecraft:blaze_rod":28,"minecraft:obsidian":75,"minecraft:iron_bars":8,"minecraft:snowball":202,"minecraft:cobblestone":285,"minecraft:pink_petals":18,"minecraft:feather":4,"minecraft:cooked_beef":10,"minecraft:cherry_leaves":1,"minecraft:water_bucket":3,"minecraft:andesite":5,"minecraft:lantern":1,"minecraft:potato":15,"minecraft:flint":2,"minecraft:tuff":46,"minecraft:horn_coral":2,"minecraft:wither_skeleton_skull":4,"minecraft:netherite_leggings":4,"minecraft:lapis_lazuli":5,"minecraft:dirt":248,"minecraft:name_tag":1,"minecraft:glass":7,"minecraft:bone":45,"minecraft:bow":4,"minecraft:wheat_seeds":44,"minecraft:netherite_axe":3,"minecraft:fletching_table":4,"minecraft:diamond_helmet":3,"minecraft:powered_rail":11,"minecraft:oak_planks":62,"minecraft:brain_coral":3,"minecraft:ghast_tear":1,"minecraft:cooked_porkchop":14,"minecraft:poisonous_potato":2,"minecraft:sand":510,"minecraft:grass_block":2,"minecraft:diamond_block":64,"minecraft:dark_oak_log":715,"minecraft:shulker_box":4,"minecraft:mossy_cobblestone":2,"minecraft:blue_terracotta":1,"minecraft:clay":1,"minecraft:diamond":61,"minecraft:netherite_helmet":2,"minecraft:crossbow":1,"minecraft:granite":22,"minecraft:spruce_button":4,"minecraft:emerald":232,"minecraft:bread":3,"minecraft:netherrack":1695,"minecraft:bubble_coral_block":15,"minecraft:diamond_pickaxe":1,"minecraft:end_stone_bricks":1,"minecraft:crafting_table":4,"minecraft:bubble_coral_fan":3,"minecraft:gold_block":64,"minecraft:stripped_cherry_log":2,"minecraft:purpur_block":2,"minecraft:cornflower":5,"minecraft:oak_trapdoor":21,"minecraft:elytra":5,"minecraft:flint_and_steel":1,"minecraft:snow":1,"minecraft:netherite_scrap":2,"minecraft:blackstone":115,"minecraft:cracked_stone_bricks":1,"minecraft:netherite_sword":4,"minecraft:oak_boat":6,"minecraft:poppy":11,"minecraft:minecart":8,"minecraft:lectern":67,"minecraft:blue_shulker_box":3,"minecraft:sugar_cane":340,"minecraft:chest":1,"minecraft:cherry_trapdoor":3,"minecraft:diamond_hoe":1,"minecraft:egg":3,"minecraft:dark_oak_sapling":11,"minecraft:raw_iron":5,"minecraft:sandstone":20,"minecraft:end_stone":1,"minecraft:stone":10,"minecraft:oak_door":4,"minecraft:cookie":4,"minecraft:trident":3,"minecraft:carrot":937,"minecraft:netherite_pickaxe":7,"minecraft:stone_pressure_plate":1,"minecraft:dark_oak_planks":32,"minecraft:tnt":21,"minecraft:tube_coral":1,"minecraft:arrow":114,"minecraft:diamond_chestplate":2,"minecraft:cooked_cod":4,"minecraft:beetroot_seeds":1,"minecraft:pumpkin_pie":5,"minecraft:tube_coral_fan":9,"minecraft:shears":2,"minecraft:diamond_boots":2,"minecraft:hay_block":34,"minecraft:gold_ingot":6,"minecraft:saddle":1,"minecraft:tube_coral_block":5,"minecraft:totem_of_undying":4,"minecraft:mutton":5,"minecraft:rail":8,"minecraft:white_wool":5,"minecraft:lime_bed":1,"minecraft:netherite_boots":3,"minecraft:clock":2,"minecraft:basalt":587,"minecraft:cut_sandstone":15,"minecraft:leather":30,"minecraft:filled_map":3,"minecraft:purpur_stairs":1,"minecraft:oak_log":38,"minecraft:ancient_debris":14,"minecraft:cobblestone_wall":2,"minecraft:yellow_bed":1,"minecraft:gunpowder":23,"minecraft:blue_bed":2,"minecraft:white_banner":6,"minecraft:orange_terracotta":3,"minecraft:cooked_mutton":15,"minecraft:apple":2,"minecraft:stone_bricks":1,"minecraft:kelp":1,"minecraft:fire_coral_block":13,"minecraft:iron_ingot":69,"minecraft:cooked_chicken":5,"minecraft:stripped_oak_wood":1,"minecraft:glass_bottle":16,"minecraft:book":57,"minecraft:sculk_catalyst":3,"minecraft:oak_slab":26,"minecraft:chiseled_stone_bricks":1,"minecraft:quartz":81,"minecraft:brain_coral_fan":5,"minecraft:spruce_sapling":1,"minecraft:white_bed":14,"minecraft:spider_eye":76,"minecraft:firework_rocket":993,"minecraft:diamond_axe":2,"minecraft:cherry_sapling":8,"minecraft:gray_wool":539,"minecraft:warped_roots":2,"minecraft:oak_button":4,"minecraft:coal":46,"minecraft:ender_pearl":118}},"DataVersion":3465}