{"stats":{"minecraft:custom":{"minecraft:interact_with_crafting_table":50,"minecraft:open_shulker_box":8,"minecraft:bell_ring":67,"minecraft:leave_game":14,"minecraft:time_since_death":699115,"minecraft:damage_resisted":11134,"minecraft:sprint_one_cm":1293467,"minecraft:drop":400,"minecraft:talked_to_villager":343,"minecraft:play_time":851321,"minecraft:deaths":4,"minecraft:jump":10375,"minecraft:walk_on_water_one_cm":264766,"minecraft:enchant_item":14,"minecraft:interact_with_furnace":11,"minecraft:traded_with_villager":429,"minecraft:sleep_in_bed":27,"minecraft:open_enderchest":2,"minecraft:damage_dealt":50594,"minecraft:player_kills":1,"minecraft:crouch_one_cm":217476,"minecraft:horse_one_cm":642996,"minecraft:interact_with_smithing_table":11,"minecraft:interact_with_anvil":91,"minecraft:mob_kills":240,"minecraft:climb_one_cm":1585,"minecraft:walk_one_cm":1410467,"minecraft:raid_win":1,"minecraft:sneak_time":60180,"minecraft:walk_under_water_one_cm":325337,"minecraft:boat_one_cm":813144,"minecraft:total_world_time":851321,"minecraft:raid_trigger":1,"minecraft:interact_with_grindstone":7,"minecraft:interact_with_stonecutter":1,"minecraft:time_since_rest":31448,"minecraft:damage_absorbed":1957,"minecraft:damage_taken":5836,"minecraft:minecart_one_cm":52484,"minecraft:swim_one_cm":388038,"minecraft:fly_one_cm":2868383,"minecraft:open_chest":137,"minecraft:aviate_one_cm":5918265,"minecraft:fall_one_cm":280616},"minecraft:broken":{"minecraft:wooden_pickaxe":1},"minecraft:crafted":{"minecraft:oak_planks":2818,"minecraft:bookshelf":29,"minecraft:cooked_mutton":2,"minecraft:diamond_helmet":2,"minecraft:diamond_leggings":1,"minecraft:bow":2,"minecraft:chest":2,"minecraft:netherite_upgrade_smithing_template":30,"minecraft:oak_slab":24,"minecraft:emerald":374,"minecraft:cooked_porkchop":19,"minecraft:diamond_axe":1,"minecraft:crafting_table":3,"minecraft:wooden_pickaxe":1,"minecraft:gold_block":1,"minecraft:paper":75,"minecraft:diamond_pickaxe":1,"minecraft:netherite_block":2,"minecraft:stick":6417,"minecraft:iron_ingot":67,"minecraft:iron_pickaxe":1,"minecraft:stone_sword":1,"minecraft:gold_ingot":27,"minecraft:netherite_ingot":57,"minecraft:furnace":1,"minecraft:diamond_block":1,"minecraft:netherite_chestplate":1,"minecraft:diamond":162,"minecraft:stone_pickaxe":1,"minecraft:diamond_boots":3,"minecraft:netherite_scrap":14,"minecraft:dark_oak_planks":704,"minecraft:wheat":153,"minecraft:diamond_sword":1,"minecraft:blue_bed":1,"minecraft:bucket":1,"minecraft:stone_axe":1,"minecraft:enchanted_book":24,"minecraft:air":0,"minecraft:blue_dye":1,"minecraft:anvil":4,"minecraft:white_bed":1,"minecraft:torch":4,"minecraft:diamond_chestplate":1,"minecraft:firework_rocket":192},"minecraft:killed":{"minecraft:witch":4,"minecraft:spider":7,"minecraft:dolphin":1,"minecraft:shulker":8,"minecraft:skeleton":6,"minecraft:guardian":1,"minecraft:chicken":1,"minecraft:silverfish":1,"minecraft:turtle":1,"minecraft:wolf":1,"minecraft:piglin":1,"minecraft:pig":5,"minecraft:iron_golem":8,"minecraft:ender_dragon":1,"minecraft:creeper":3,"minecraft:sheep":6,"minecraft:trader_llama":1,"minecraft:pillager":30,"minecraft:zombie":25,"minecraft:glow_squid":1,"minecraft:blaze":12,"minecraft:evoker":5,"minecraft:vex":3,"minecraft:endermite":1,"minecraft:vindicator":21,"minecraft:drowned":2,"minecraft:ravager":2,"minecraft:wither_skeleton":5,"minecraft:villager":41,"minecraft:enderman":20},"minecraft:mined":{"minecraft:dark_oak_planks":39,"minecraft:large_amethyst_bud":1,"minecraft:stone_pressure_plate":1,"minecraft:white_bed":10,"minecraft:farmland":1,"minecraft:fire_coral_wall_fan":2,"minecraft:cobblestone_stairs":1,"minecraft:obsidian":42,"minecraft:granite":11,"minecraft:budding_amethyst":1,"minecraft:grass_block":16,"minecraft:horn_coral_fan":2,"minecraft:bubble_coral_fan":1,"minecraft:bubble_coral_block":15,"minecraft:tube_coral_block":5,"minecraft:composter":2,"minecraft:chiseled_stone_bricks":1,"minecraft:spawner":1,"minecraft:tall_seagrass":2,"minecraft:dark_oak_trapdoor":2,"minecraft:iron_ore":7,"minecraft:cobbled_deepslate":9,"minecraft:fire":1,"minecraft:fletching_table":4,"minecraft:dirt_path":1,"minecraft:iron_bars":1,"minecraft:small_amethyst_bud":2,"minecraft:oak_stairs":31,"minecraft:end_stone_bricks":1,"minecraft:brain_coral_block":17,"minecraft:cut_sandstone":13,"minecraft:blackstone":2,"minecraft:kelp_plant":1,"minecraft:orange_terracotta":5,"minecraft:purpur_stairs":1,"minecraft:clay":4,"minecraft:torch":1,"minecraft:glass":7,"minecraft:nether_quartz_ore":2,"minecraft:cobblestone":75,"minecraft:tube_coral_fan":1,"minecraft:oak_planks":56,"minecraft:sugar_cane":106,"minecraft:wall_torch":2,"minecraft:amethyst_block":1,"minecraft:seagrass":4,"minecraft:fire_coral_fan":1,"minecraft:powered_rail":12,"minecraft:wheat":4,"minecraft:stripped_oak_wood":1,"minecraft:tnt":17,"minecraft:purpur_block":2,"minecraft:grass":153,"minecraft:oak_log":17,"minecraft:beetroots":1,"minecraft:sand":503,"minecraft:dirt":34,"minecraft:wither_skeleton_skull":3,"minecraft:red_mushroom_block":1,"minecraft:netherrack":1139,"minecraft:ancient_debris":14,"minecraft:horn_coral_block":1,"minecraft:oak_leaves":5,"minecraft:deepslate":104,"minecraft:nether_gold_ore":2,"minecraft:tube_coral":1,"minecraft:pink_shulker_box":1,"minecraft:tuff":46,"minecraft:mossy_cobblestone":2,"minecraft:dark_oak_leaves":9,"minecraft:deepslate_diamond_ore":26,"minecraft:oak_door":6,"minecraft:dark_oak_log":729,"minecraft:end_stone":15,"minecraft:shulker_box":3,"minecraft:nether_bricks":19,"minecraft:tube_coral_wall_fan":13,"minecraft:spruce_leaves":4,"minecraft:kelp":3,"minecraft:horn_coral_wall_fan":5,"minecraft:sandstone":11,"minecraft:hay_block":17,"minecraft:horn_coral":2,"minecraft:oak_trapdoor":16,"minecraft:carrots":56,"minecraft:andesite":11,"minecraft:gold_block":2,"minecraft:nether_brick_fence":1,"minecraft:bookshelf":5,"minecraft:potatoes":15,"minecraft:cobblestone_slab":1,"minecraft:rail":9,"minecraft:brain_coral_wall_fan":3,"minecraft:stone":152,"minecraft:fire_coral_block":13,"minecraft:ender_chest":1,"minecraft:brain_coral":3,"minecraft:redstone_wall_torch":1,"minecraft:oak_slab":27,"minecraft:glass_pane":3,"minecraft:magenta_stained_glass":1,"minecraft:oak_fence":5,"minecraft:crafting_table":3,"minecraft:cornflower":1,"minecraft:warped_roots":1,"minecraft:lectern":70,"minecraft:brain_coral_fan":2,"minecraft:purpur_pillar":2,"minecraft:tall_grass":16,"minecraft:blue_bed":2,"minecraft:cobblestone_wall":2,"minecraft:sea_pickle":5,"minecraft:redstone_torch":2,"minecraft:birch_leaves":1,"minecraft:yellow_bed":1,"minecraft:coal_ore":32,"minecraft:end_rod":7,"minecraft:bubble_coral_wall_fan":8,"minecraft:gravel":2,"minecraft:stone_bricks":1,"minecraft:infested_stone":2},"minecraft:killed_by":{"minecraft:iron_golem":1},"minecraft:dropped":{"minecraft:porkchop":3,"minecraft:diamond_axe":1,"minecraft:lapis_lazuli":31,"minecraft:cooked_beef":45,"minecraft:oak_log":8,"minecraft:glass_bottle":16,"minecraft:ender_pearl":1,"minecraft:diamond":34,"minecraft:crafting_table":1,"minecraft:cooked_porkchop":16,"minecraft:cookie":3,"minecraft:warped_roots":2,"minecraft:cracked_stone_bricks":1,"minecraft:purpur_stairs":1,"minecraft:elytra":1,"minecraft:flint":10,"minecraft:emerald":130,"minecraft:gold_block":1,"minecraft:dirt":205,"minecraft:netherite_scrap":2,"minecraft:cut_sandstone":1,"minecraft:netherite_boots":2,"minecraft:gold_nugget":24,"minecraft:pumpkin_pie":4,"minecraft:sand":302,"minecraft:purpur_block":2,"minecraft:sugar_cane":58,"minecraft:iron_nugget":9,"minecraft:cobbled_deepslate":66,"minecraft:netherite_sword":2,"minecraft:wheat":157,"minecraft:obsidian":31,"minecraft:rotten_flesh":30,"minecraft:enchanted_golden_apple":1,"minecraft:oak_planks":34,"minecraft:end_stone":1,"minecraft:carrot":3822,"minecraft:poppy":10,"minecraft:trident":2,"minecraft:gunpowder":3,"minecraft:glass":4,"minecraft:quartz":5,"minecraft:netherrack":835,"minecraft:lectern":1,"minecraft:firework_rocket":882,"minecraft:egg":1,"minecraft:enchanted_book":13,"minecraft:iron_ingot":53,"minecraft:oak_slab":24,"minecraft:netherite_pickaxe":3,"minecraft:wheat_seeds":18,"minecraft:mossy_cobblestone":1,"minecraft:bookshelf":2,"minecraft:netherite_helmet":1,"minecraft:netherite_chestplate":1,"minecraft:oak_fence":6,"minecraft:cobblestone":137,"minecraft:book":11,"minecraft:granite":22,"minecraft:spruce_button":1,"minecraft:grass_block":1,"minecraft:coal":128,"minecraft:dark_oak_leaves":5,"minecraft:torch":7,"minecraft:potion":1,"minecraft:fire_charge":2,"minecraft:oak_stairs":5,"minecraft:string":3,"minecraft:spruce_sapling":1,"minecraft:anvil":1,"minecraft:kelp":1,"minecraft:oak_trapdoor":1,"minecraft:netherite_ingot":2,"minecraft:blaze_rod":28,"minecraft:cobblestone_wall":2,"minecraft:deepslate":1,"minecraft:tuff":31,"minecraft:raw_iron":1,"minecraft:composter":2,"minecraft:wither_skeleton_skull":1,"minecraft:totem_of_undying":2,"minecraft:shulker_box":1,"minecraft:netherite_leggings":2,"minecraft:flint_and_steel":1,"minecraft:filled_map":4,"minecraft:diamond_sword":1,"minecraft:potato":4,"minecraft:diamond_pickaxe":1,"minecraft:golden_sword":1,"minecraft:spider_eye":7,"minecraft:sandstone":3,"minecraft:bow":2},"minecraft:used":{"minecraft:blue_terracotta":1,"minecraft:elytra":6,"minecraft:spruce_slab":3,"minecraft:poppy":1,"minecraft:diamond_hoe":123,"minecraft:chest":2,"minecraft:farmland":81,"minecraft:debug_stick":42,"minecraft:mutton":3,"minecraft:carrot":474,"minecraft:tuff":15,"minecraft:obsidian":11,"minecraft:glass":27,"minecraft:netherite_shovel":516,"minecraft:lava_bucket":17,"minecraft:villager_spawn_egg":20,"minecraft:grass_block":6,"minecraft:netherite_hoe":195,"minecraft:dark_oak_slab":598,"minecraft:stone_bricks":1,"minecraft:netherite_boots":2,"minecraft:golden_sword":12,"minecraft:bow":216,"minecraft:furnace":1,"minecraft:cooked_cod":4,"minecraft:beetroot_seeds":1,"minecraft:egg":1,"minecraft:potato":2,"minecraft:diamond_boots":2,"minecraft:wither_skeleton_skull":3,"minecraft:stone_pickaxe":65,"minecraft:powered_rail":14,"minecraft:oak_planks":58,"minecraft:diamond_axe":62,"minecraft:ender_pearl":37,"minecraft:sandstone":5,"minecraft:wooden_pickaxe":59,"minecraft:composter":7,"minecraft:blue_bed":5,"minecraft:sugar_cane":20,"minecraft:cookie":1,"minecraft:dark_oak_trapdoor":72,"minecraft:sand":25,"minecraft:netherite_helmet":1,"minecraft:redstone_torch":10,"minecraft:firework_rocket":112,"minecraft:dark_oak_log":25,"minecraft:lectern":84,"minecraft:deepslate":1,"minecraft:diamond_sword":251,"minecraft:smithing_table":1,"minecraft:oak_boat":5,"minecraft:oak_fence":2,"minecraft:experience_bottle":1,"minecraft:oak_trapdoor":38,"minecraft:trident":84,"minecraft:netherite_sword":371,"minecraft:stone_sword":2,"minecraft:flint_and_steel":4,"minecraft:ender_chest":1,"minecraft:netherrack":431,"minecraft:oak_door":5,"minecraft:torch":46,"minecraft:dirt":190,"minecraft:anvil":6,"minecraft:diamond_helmet":1,"minecraft:shulker_box":3,"minecraft:spruce_fence":2,"minecraft:dark_oak_planks":949,"minecraft:bookshelf":30,"minecraft:oak_stairs":25,"minecraft:spruce_button":4,"minecraft:totem_of_undying":1,"minecraft:netherite_pickaxe":655,"minecraft:minecart":8,"minecraft:orange_terracotta":11,"minecraft:stone_pressure_plate":1,"minecraft:enchanted_golden_apple":31,"minecraft:cooked_beef":52,"minecraft:cobbled_deepslate":31,"minecraft:cooked_mutton":1,"minecraft:wheat_seeds":3,"minecraft:water_bucket":130,"minecraft:glass_bottle":14,"minecraft:netherite_chestplate":3,"minecraft:cut_sandstone":10,"minecraft:fletching_table":9,"minecraft:stonecutter":2,"minecraft:mossy_cobblestone":1,"minecraft:rail":31,"minecraft:tnt":21,"minecraft:crafting_table":6,"minecraft:oak_slab":26,"minecraft:white_bed":36,"minecraft:oak_log":49,"minecraft:ender_eye":1,"minecraft:diamond_pickaxe":1146,"minecraft:command_block":6,"minecraft:oak_button":2,"minecraft:iron_pickaxe":9,"minecraft:netherite_axe":993,"minecraft:stone_axe":8,"minecraft:cobblestone":62,"minecraft:potion":14,"minecraft:white_banner":5,"minecraft:cooked_porkchop":8,"minecraft:bucket":135,"minecraft:pumpkin_pie":1,"minecraft:yellow_bed":1},"minecraft:picked_up":{"minecraft:shulker_shell":7,"minecraft:wheat":4,"minecraft:nether_brick_fence":1,"minecraft:ender_chest":1,"minecraft:anvil":1,"minecraft:lead":7,"minecraft:diamond_sword":2,"minecraft:oak_stairs":36,"minecraft:potion":1,"minecraft:enchanted_book":10,"minecraft:brain_coral_block":17,"minecraft:string":9,"minecraft:dark_oak_trapdoor":2,"minecraft:netherite_ingot":3,"minecraft:pink_shulker_box":1,"minecraft:sea_pickle":15,"minecraft:diamond_leggings":1,"minecraft:cobbled_deepslate":97,"minecraft:gold_nugget":24,"minecraft:dark_oak_leaves":5,"minecraft:horn_coral_block":1,"minecraft:redstone_torch":5,"minecraft:ender_eye":7,"minecraft:iron_pickaxe":1,"minecraft:enchanted_golden_apple":57,"minecraft:tipped_arrow":2,"minecraft:stick":201,"minecraft:composter":2,"minecraft:oak_fence":8,"minecraft:torch":18,"minecraft:purpur_pillar":2,"minecraft:porkchop":10,"minecraft:horn_coral_fan":7,"minecraft:rotten_flesh":30,"minecraft:iron_block":56,"minecraft:bookshelf":3,"minecraft:end_rod":6,"minecraft:netherite_chestplate":1,"minecraft:fire_coral_fan":3,"minecraft:blaze_rod":28,"minecraft:obsidian":42,"minecraft:iron_bars":8,"minecraft:cobblestone":249,"minecraft:cooked_beef":9,"minecraft:water_bucket":1,"minecraft:andesite":5,"minecraft:potato":14,"minecraft:flint":2,"minecraft:tuff":46,"minecraft:horn_coral":2,"minecraft:wither_skeleton_skull":4,"minecraft:netherite_leggings":2,"minecraft:lapis_lazuli":5,"minecraft:dirt":174,"minecraft:glass":7,"minecraft:bone":4,"minecraft:bow":1,"minecraft:wheat_seeds":28,"minecraft:fletching_table":4,"minecraft:diamond_helmet":2,"minecraft:powered_rail":11,"minecraft:oak_planks":61,"minecraft:brain_coral":3,"minecraft:cooked_porkchop":5,"minecraft:sand":510,"minecraft:grass_block":1,"minecraft:diamond_block":64,"minecraft:dark_oak_log":715,"minecraft:shulker_box":4,"minecraft:mossy_cobblestone":2,"minecraft:blue_terracotta":1,"minecraft:clay":1,"minecraft:diamond":61,"minecraft:crossbow":1,"minecraft:granite":22,"minecraft:spruce_button":4,"minecraft:emerald":82,"minecraft:bread":3,"minecraft:netherrack":1162,"minecraft:bubble_coral_block":15,"minecraft:diamond_pickaxe":1,"minecraft:end_stone_bricks":1,"minecraft:crafting_table":4,"minecraft:bubble_coral_fan":3,"minecraft:gold_block":64,"minecraft:purpur_block":2,"minecraft:cornflower":1,"minecraft:oak_trapdoor":20,"minecraft:elytra":2,"minecraft:flint_and_steel":1,"minecraft:netherite_scrap":2,"minecraft:blackstone":1,"minecraft:cracked_stone_bricks":1,"minecraft:netherite_sword":1,"minecraft:oak_boat":6,"minecraft:poppy":11,"minecraft:minecart":8,"minecraft:lectern":67,"minecraft:sugar_cane":224,"minecraft:chest":1,"minecraft:diamond_hoe":1,"minecraft:egg":3,"minecraft:dark_oak_sapling":11,"minecraft:raw_iron":5,"minecraft:sandstone":11,"minecraft:end_stone":1,"minecraft:stone":2,"minecraft:oak_door":4,"minecraft:cookie":4,"minecraft:trident":1,"minecraft:carrot":937,"minecraft:netherite_pickaxe":2,"minecraft:stone_pressure_plate":1,"minecraft:dark_oak_planks":32,"minecraft:tnt":21,"minecraft:tube_coral":1,"minecraft:arrow":16,"minecraft:diamond_chestplate":1,"minecraft:cooked_cod":4,"minecraft:beetroot_seeds":1,"minecraft:pumpkin_pie":5,"minecraft:tube_coral_fan":9,"minecraft:diamond_boots":1,"minecraft:hay_block":34,"minecraft:totem_of_undying":4,"minecraft:gold_ingot":6,"minecraft:saddle":1,"minecraft:tube_coral_block":5,"minecraft:mutton":5,"minecraft:rail":8,"minecraft:white_wool":3,"minecraft:netherite_boots":1,"minecraft:cut_sandstone":11,"minecraft:filled_map":3,"minecraft:purpur_stairs":1,"minecraft:oak_log":38,"minecraft:ancient_debris":14,"minecraft:cobblestone_wall":2,"minecraft:yellow_bed":1,"minecraft:gunpowder":3,"minecraft:blue_bed":2,"minecraft:white_banner":6,"minecraft:orange_terracotta":3,"minecraft:apple":2,"minecraft:stone_bricks":1,"minecraft:kelp":1,"minecraft:fire_coral_block":13,"minecraft:iron_ingot":69,"minecraft:stripped_oak_wood":1,"minecraft:glass_bottle":16,"minecraft:book":57,"minecraft:oak_slab":26,"minecraft:chiseled_stone_bricks":1,"minecraft:quartz":5,"minecraft:brain_coral_fan":5,"minecraft:spruce_sapling":1,"minecraft:white_bed":10,"minecraft:spider_eye":7,"minecraft:firework_rocket":896,"minecraft:diamond_axe":2,"minecraft:warped_roots":2,"minecraft:oak_button":1,"minecraft:coal":34,"minecraft:ender_pearl":67}},"DataVersion":3465}