{"stats":{"minecraft:broken":{"minecraft:wooden_pickaxe":1},"minecraft:custom":{"minecraft:interact_with_crafting_table":40,"minecraft:bell_ring":59,"minecraft:leave_game":7,"minecraft:time_since_death":301925,"minecraft:damage_resisted":1977,"minecraft:sprint_one_cm":801536,"minecraft:drop":244,"minecraft:talked_to_villager":213,"minecraft:play_time":453929,"minecraft:deaths":4,"minecraft:jump":6123,"minecraft:walk_on_water_one_cm":112413,"minecraft:interact_with_furnace":11,"minecraft:traded_with_villager":389,"minecraft:sleep_in_bed":19,"minecraft:damage_dealt":25941,"minecraft:crouch_one_cm":131230,"minecraft:horse_one_cm":641904,"minecraft:interact_with_smithing_table":6,"minecraft:mob_kills":125,"minecraft:interact_with_anvil":17,"minecraft:climb_one_cm":132,"minecraft:walk_one_cm":875459,"minecraft:raid_win":1,"minecraft:sneak_time":39259,"minecraft:walk_under_water_one_cm":126520,"minecraft:boat_one_cm":658995,"minecraft:total_world_time":453929,"minecraft:raid_trigger":1,"minecraft:time_since_rest":28344,"minecraft:damage_taken":4564,"minecraft:damage_absorbed":1709,"minecraft:minecart_one_cm":52484,"minecraft:swim_one_cm":121381,"minecraft:fly_one_cm":1607119,"minecraft:open_chest":83,"minecraft:fall_one_cm":154529},"minecraft:crafted":{"minecraft:oak_planks":2818,"minecraft:bookshelf":4,"minecraft:cooked_mutton":2,"minecraft:diamond_helmet":1,"minecraft:diamond_leggings":1,"minecraft:bow":2,"minecraft:chest":2,"minecraft:netherite_upgrade_smithing_template":30,"minecraft:oak_slab":24,"minecraft:emerald":366,"minecraft:cooked_porkchop":19,"minecraft:diamond_axe":1,"minecraft:crafting_table":3,"minecraft:wooden_pickaxe":1,"minecraft:diamond_pickaxe":1,"minecraft:stick":6377,"minecraft:iron_ingot":49,"minecraft:iron_pickaxe":1,"minecraft:stone_sword":1,"minecraft:gold_ingot":18,"minecraft:netherite_ingot":39,"minecraft:furnace":1,"minecraft:diamond":135,"minecraft:stone_pickaxe":1,"minecraft:diamond_boots":1,"minecraft:netherite_scrap":14,"minecraft:dark_oak_planks":496,"minecraft:wheat":153,"minecraft:diamond_sword":1,"minecraft:blue_bed":1,"minecraft:bucket":1,"minecraft:stone_axe":1,"minecraft:enchanted_book":17,"minecraft:air":0,"minecraft:blue_dye":1,"minecraft:anvil":1,"minecraft:white_bed":1,"minecraft:torch":4,"minecraft:diamond_chestplate":1},"minecraft:mined":{"minecraft:dark_oak_planks":27,"minecraft:large_amethyst_bud":1,"minecraft:white_bed":10,"minecraft:farmland":1,"minecraft:cobblestone_stairs":1,"minecraft:obsidian":42,"minecraft:budding_amethyst":1,"minecraft:grass_block":15,"minecraft:composter":2,"minecraft:chiseled_stone_bricks":1,"minecraft:iron_ore":5,"minecraft:cobbled_deepslate":9,"minecraft:fletching_table":4,"minecraft:dirt_path":1,"minecraft:oak_stairs":30,"minecraft:small_amethyst_bud":2,"minecraft:blackstone":2,"minecraft:kelp_plant":1,"minecraft:torch":1,"minecraft:cobblestone":71,"minecraft:sugar_cane":14,"minecraft:oak_planks":47,"minecraft:wall_torch":2,"minecraft:amethyst_block":1,"minecraft:powered_rail":12,"minecraft:wheat":4,"minecraft:stripped_oak_wood":1,"minecraft:grass":152,"minecraft:oak_log":15,"minecraft:beetroots":1,"minecraft:sand":503,"minecraft:dirt":10,"minecraft:red_mushroom_block":1,"minecraft:netherrack":849,"minecraft:ancient_debris":14,"minecraft:oak_leaves":1,"minecraft:deepslate":91,"minecraft:tuff":46,"minecraft:mossy_cobblestone":2,"minecraft:dark_oak_leaves":9,"minecraft:deepslate_diamond_ore":26,"minecraft:oak_door":6,"minecraft:dark_oak_log":721,"minecraft:kelp":1,"minecraft:sandstone":3,"minecraft:hay_block":17,"minecraft:oak_trapdoor":13,"minecraft:carrots":56,"minecraft:andesite":5,"minecraft:gold_block":2,"minecraft:bookshelf":2,"minecraft:potatoes":15,"minecraft:cobblestone_slab":1,"minecraft:rail":9,"minecraft:stone":100,"minecraft:redstone_wall_torch":1,"minecraft:oak_slab":16,"minecraft:glass_pane":3,"minecraft:oak_fence":5,"minecraft:crafting_table":3,"minecraft:cornflower":1,"minecraft:lectern":18,"minecraft:tall_grass":16,"minecraft:blue_bed":2,"minecraft:cobblestone_wall":2,"minecraft:redstone_torch":2,"minecraft:yellow_bed":1,"minecraft:coal_ore":32,"minecraft:gravel":2,"minecraft:stone_bricks":1},"minecraft:killed":{"minecraft:witch":3,"minecraft:spider":6,"minecraft:skeleton":5,"minecraft:guardian":1,"minecraft:chicken":1,"minecraft:turtle":1,"minecraft:wolf":1,"minecraft:pig":4,"minecraft:iron_golem":2,"minecraft:creeper":3,"minecraft:sheep":5,"minecraft:trader_llama":1,"minecraft:pillager":30,"minecraft:zombie":17,"minecraft:glow_squid":1,"minecraft:evoker":5,"minecraft:vex":3,"minecraft:vindicator":19,"minecraft:drowned":2,"minecraft:ravager":2,"minecraft:villager":3,"minecraft:enderman":1},"minecraft:killed_by":{"minecraft:iron_golem":1},"minecraft:used":{"minecraft:spruce_slab":3,"minecraft:diamond_hoe":123,"minecraft:poppy":1,"minecraft:chest":2,"minecraft:debug_stick":42,"minecraft:mutton":3,"minecraft:carrot":173,"minecraft:tuff":15,"minecraft:obsidian":11,"minecraft:lava_bucket":17,"minecraft:netherite_shovel":491,"minecraft:villager_spawn_egg":9,"minecraft:grass_block":6,"minecraft:netherite_hoe":80,"minecraft:dark_oak_slab":223,"minecraft:stone_bricks":1,"minecraft:golden_sword":12,"minecraft:bow":75,"minecraft:furnace":1,"minecraft:beetroot_seeds":1,"minecraft:egg":1,"minecraft:potato":2,"minecraft:powered_rail":11,"minecraft:stone_pickaxe":65,"minecraft:oak_planks":58,"minecraft:wooden_pickaxe":59,"minecraft:composter":1,"minecraft:blue_bed":5,"minecraft:diamond_axe":62,"minecraft:sugar_cane":20,"minecraft:cookie":1,"minecraft:sand":25,"minecraft:redstone_torch":5,"minecraft:lectern":34,"minecraft:deepslate":1,"minecraft:diamond_sword":124,"minecraft:smithing_table":1,"minecraft:oak_boat":4,"minecraft:experience_bottle":1,"minecraft:oak_trapdoor":28,"minecraft:oak_fence":2,"minecraft:trident":3,"minecraft:netherite_sword":208,"minecraft:stone_sword":2,"minecraft:flint_and_steel":4,"minecraft:netherrack":227,"minecraft:oak_door":5,"minecraft:torch":8,"minecraft:dirt":89,"minecraft:anvil":2,"minecraft:spruce_fence":2,"minecraft:dark_oak_planks":560,"minecraft:bookshelf":2,"minecraft:oak_stairs":25,"minecraft:minecart":8,"minecraft:netherite_pickaxe":47,"minecraft:cooked_beef":37,"minecraft:cobbled_deepslate":31,"minecraft:enchanted_golden_apple":25,"minecraft:wheat_seeds":3,"minecraft:cooked_mutton":1,"minecraft:water_bucket":105,"minecraft:glass_bottle":14,"minecraft:fletching_table":9,"minecraft:mossy_cobblestone":1,"minecraft:rail":6,"minecraft:tnt":2,"minecraft:oak_slab":26,"minecraft:crafting_table":6,"minecraft:white_bed":24,"minecraft:oak_log":49,"minecraft:diamond_pickaxe":1146,"minecraft:iron_pickaxe":9,"minecraft:netherite_axe":861,"minecraft:stone_axe":8,"minecraft:cobblestone":60,"minecraft:potion":14,"minecraft:white_banner":5,"minecraft:cooked_porkchop":3,"minecraft:bucket":112,"minecraft:yellow_bed":1,"minecraft:pumpkin_pie":1},"minecraft:dropped":{"minecraft:porkchop":3,"minecraft:cooked_beef":29,"minecraft:oak_log":8,"minecraft:ender_pearl":1,"minecraft:diamond":34,"minecraft:crafting_table":1,"minecraft:cooked_porkchop":16,"minecraft:warped_roots":1,"minecraft:emerald":106,"minecraft:flint":10,"minecraft:gold_block":1,"minecraft:dirt":200,"minecraft:netherite_scrap":2,"minecraft:sand":302,"minecraft:iron_nugget":9,"minecraft:cobbled_deepslate":66,"minecraft:wheat":157,"minecraft:obsidian":31,"minecraft:rotten_flesh":30,"minecraft:oak_planks":34,"minecraft:carrot":2626,"minecraft:trident":1,"minecraft:gunpowder":3,"minecraft:glass":2,"minecraft:netherrack":771,"minecraft:lectern":1,"minecraft:egg":1,"minecraft:iron_ingot":48,"minecraft:enchanted_book":6,"minecraft:oak_slab":24,"minecraft:wheat_seeds":17,"minecraft:mossy_cobblestone":1,"minecraft:bookshelf":2,"minecraft:oak_fence":6,"minecraft:cobblestone":64,"minecraft:coal":128,"minecraft:dark_oak_leaves":5,"minecraft:torch":7,"minecraft:fire_charge":2,"minecraft:potion":1,"minecraft:oak_stairs":5,"minecraft:string":1,"minecraft:anvil":1,"minecraft:cobblestone_wall":2,"minecraft:deepslate":1,"minecraft:tuff":31,"minecraft:composter":2,"minecraft:raw_iron":1,"minecraft:totem_of_undying":2,"minecraft:flint_and_steel":1,"minecraft:filled_map":4,"minecraft:potato":4,"minecraft:diamond_pickaxe":1,"minecraft:golden_sword":1,"minecraft:spider_eye":7,"minecraft:bow":1},"minecraft:picked_up":{"minecraft:wheat":4,"minecraft:lead":7,"minecraft:diamond_sword":1,"minecraft:oak_stairs":35,"minecraft:potion":1,"minecraft:string":1,"minecraft:netherite_ingot":3,"minecraft:diamond_leggings":1,"minecraft:cobbled_deepslate":97,"minecraft:dark_oak_leaves":5,"minecraft:redstone_torch":5,"minecraft:enchanted_golden_apple":56,"minecraft:iron_pickaxe":1,"minecraft:tipped_arrow":2,"minecraft:stick":201,"minecraft:composter":2,"minecraft:oak_fence":8,"minecraft:torch":15,"minecraft:porkchop":10,"minecraft:rotten_flesh":30,"minecraft:iron_block":56,"minecraft:obsidian":42,"minecraft:cobblestone":174,"minecraft:cooked_beef":9,"minecraft:water_bucket":1,"minecraft:andesite":5,"minecraft:potato":14,"minecraft:flint":2,"minecraft:tuff":46,"minecraft:dirt":152,"minecraft:bone":2,"minecraft:bow":1,"minecraft:wheat_seeds":25,"minecraft:diamond_helmet":1,"minecraft:fletching_table":4,"minecraft:powered_rail":11,"minecraft:oak_planks":61,"minecraft:sand":510,"minecraft:diamond_block":64,"minecraft:dark_oak_log":709,"minecraft:mossy_cobblestone":2,"minecraft:diamond":58,"minecraft:crossbow":1,"minecraft:emerald":55,"minecraft:netherrack":894,"minecraft:diamond_pickaxe":1,"minecraft:crafting_table":4,"minecraft:gold_block":64,"minecraft:cornflower":1,"minecraft:oak_trapdoor":17,"minecraft:flint_and_steel":1,"minecraft:netherite_scrap":2,"minecraft:blackstone":1,"minecraft:oak_boat":5,"minecraft:chest":1,"minecraft:poppy":1,"minecraft:lectern":16,"minecraft:minecart":8,"minecraft:sugar_cane":33,"minecraft:diamond_hoe":1,"minecraft:egg":3,"minecraft:dark_oak_sapling":11,"minecraft:raw_iron":5,"minecraft:sandstone":3,"minecraft:oak_door":4,"minecraft:cookie":2,"minecraft:trident":1,"minecraft:carrot":934,"minecraft:dark_oak_planks":22,"minecraft:tnt":2,"minecraft:arrow":9,"minecraft:diamond_chestplate":1,"minecraft:beetroot_seeds":1,"minecraft:pumpkin_pie":3,"minecraft:diamond_boots":1,"minecraft:hay_block":34,"minecraft:totem_of_undying":4,"minecraft:saddle":1,"minecraft:gold_ingot":6,"minecraft:mutton":5,"minecraft:rail":8,"minecraft:white_wool":3,"minecraft:filled_map":3,"minecraft:oak_log":38,"minecraft:ancient_debris":14,"minecraft:gunpowder":3,"minecraft:yellow_bed":1,"minecraft:cobblestone_wall":2,"minecraft:blue_bed":2,"minecraft:white_banner":5,"minecraft:stone_bricks":1,"minecraft:apple":2,"minecraft:iron_ingot":46,"minecraft:stripped_oak_wood":1,"minecraft:book":16,"minecraft:oak_slab":26,"minecraft:chiseled_stone_bricks":1,"minecraft:white_bed":10,"minecraft:spider_eye":7,"minecraft:diamond_axe":1,"minecraft:warped_roots":1,"minecraft:coal":32,"minecraft:ender_pearl":5}},"DataVersion":3465}