{"stats":{"minecraft:killed_by":{"minecraft:skeleton":1,"minecraft:creeper":1,"minecraft:zombie":1},"minecraft:crafted":{"minecraft:oak_planks":16,"minecraft:crafting_table":1,"minecraft:stick":8},"minecraft:picked_up":{"minecraft:cooked_beef":16,"minecraft:cooked_porkchop":4,"minecraft:gold_block":1,"minecraft:iron_ingot":49,"minecraft:oak_log":4,"minecraft:oak_planks":18,"minecraft:string":2,"minecraft:dirt":32,"minecraft:ender_pearl":1},"minecraft:custom":{"minecraft:open_chest":2,"minecraft:time_since_rest":5216,"minecraft:crouch_one_cm":4,"minecraft:play_time":14229,"minecraft:sprint_one_cm":50355,"minecraft:walk_one_cm":42683,"minecraft:damage_taken":1690,"minecraft:deaths":4,"minecraft:sneak_time":24,"minecraft:walk_under_water_one_cm":735,"minecraft:drop":3,"minecraft:jump":449,"minecraft:damage_dealt":162,"minecraft:time_since_death":5164,"minecraft:walk_on_water_one_cm":2440,"minecraft:total_world_time":14229,"minecraft:interact_with_crafting_table":1,"minecraft:swim_one_cm":12509,"minecraft:fall_one_cm":16258,"minecraft:fly_one_cm":57640},"minecraft:used":{"minecraft:dirt":21,"minecraft:cooked_porkchop":4,"minecraft:cooked_beef":2},"minecraft:mined":{"minecraft:grass":2,"minecraft:grass_block":13,"minecraft:dirt":12,"minecraft:tall_grass":2},"minecraft:dropped":{"minecraft:dirt":2,"minecraft:iron_ingot":1}},"DataVersion":3465}