{"stats":{"minecraft:picked_up":{"minecraft:iron_chestplate":3,"minecraft:crafting_table":4,"minecraft:golden_pickaxe":2,"minecraft:lead":2,"minecraft:oak_stairs":10,"minecraft:gold_block":6,"minecraft:potion":2,"minecraft:golden_shovel":1,"minecraft:string":2,"minecraft:oak_trapdoor":11,"minecraft:netherite_scrap":2,"minecraft:flint_and_steel":1,"minecraft:iron_leggings":1,"minecraft:cobbled_deepslate":134,"minecraft:gold_nugget":24,"minecraft:smooth_stone":1,"minecraft:oak_boat":7,"minecraft:cobblestone_slab":2,"minecraft:poppy":1,"minecraft:iron_pickaxe":3,"minecraft:lectern":11,"minecraft:sugar_cane":2,"minecraft:chest":1,"minecraft:iron_boots":3,"minecraft:raw_iron":16,"minecraft:stick":8,"minecraft:oak_door":7,"minecraft:composter":2,"minecraft:oak_fence":3,"minecraft:torch":8,"minecraft:porkchop":42,"minecraft:carrot":10,"minecraft:prismarine_crystals":1,"minecraft:cauldron":4,"minecraft:arrow":2,"minecraft:rotten_flesh":2,"minecraft:bookshelf":1,"minecraft:white_terracotta":8,"minecraft:mutton":25,"minecraft:white_wool":7,"minecraft:cobblestone":145,"minecraft:oxeye_daisy":1,"minecraft:stripped_oak_log":16,"minecraft:birch_log":5,"minecraft:cooked_beef":20,"minecraft:leather":1,"minecraft:potato":18,"minecraft:filled_map":5,"minecraft:birch_planks":16,"minecraft:flint":5,"minecraft:oak_log":29,"minecraft:yellow_bed":7,"minecraft:cobblestone_wall":4,"minecraft:gunpowder":2,"minecraft:cobblestone_stairs":1,"minecraft:dirt":161,"minecraft:paper":9,"minecraft:kelp":5,"minecraft:bow":3,"minecraft:wheat_seeds":24,"minecraft:heart_of_the_sea":1,"minecraft:iron_ingot":60,"minecraft:stripped_oak_wood":1,"minecraft:iron_sword":4,"minecraft:oak_planks":31,"minecraft:book":2,"minecraft:cooked_porkchop":16,"minecraft:dandelion":1,"minecraft:sand":21,"minecraft:white_bed":4,"minecraft:mossy_cobblestone":2,"minecraft:diamond":1,"minecraft:gray_wool":2,"minecraft:emerald":8,"minecraft:netherrack":625,"minecraft:coal":2,"minecraft:ender_pearl":2},"minecraft:used":{"minecraft:oak_trapdoor":11,"minecraft:chest":1,"minecraft:iron_sword":59,"minecraft:cooked_salmon":2,"minecraft:netherrack":340,"minecraft:oak_door":8,"minecraft:torch":1,"minecraft:dirt":129,"minecraft:carrot":4,"minecraft:golden_shovel":4,"minecraft:iron_axe":100,"minecraft:oak_stairs":8,"minecraft:furnace":1,"minecraft:cooked_beef":10,"minecraft:cobbled_deepslate":69,"minecraft:glass_bottle":2,"minecraft:oak_planks":3,"minecraft:fletching_table":2,"minecraft:cobblestone_slab":6,"minecraft:white_wool":1,"minecraft:sand":8,"minecraft:crafting_table":3,"minecraft:white_bed":5,"minecraft:oak_log":1,"minecraft:iron_pickaxe":192,"minecraft:lectern":11,"minecraft:potion":2,"minecraft:cobblestone":114,"minecraft:cooked_porkchop":10,"minecraft:porkchop":1,"minecraft:yellow_bed":7,"minecraft:oak_boat":9,"minecraft:smooth_stone":1},"minecraft:crafted":{"minecraft:oak_door":3,"minecraft:oak_planks":112,"minecraft:cobblestone_slab":6,"minecraft:furnace":1,"minecraft:iron_boots":1,"minecraft:iron_axe":1,"minecraft:chest":1,"minecraft:cooked_porkchop":8,"minecraft:crafting_table":3,"minecraft:iron_sword":1,"minecraft:fletching_table":2,"minecraft:birch_planks":20,"minecraft:oak_boat":3,"minecraft:iron_chestplate":1,"minecraft:book":1,"minecraft:stick":8,"minecraft:iron_pickaxe":1,"minecraft:iron_leggings":1,"minecraft:white_bed":2},"minecraft:killed_by":{"minecraft:creeper":2,"minecraft:skeleton":1,"minecraft:zombie":1},"minecraft:custom":{"minecraft:mob_kills":16,"minecraft:interact_with_crafting_table":21,"minecraft:bell_ring":59,"minecraft:leave_game":1,"minecraft:time_since_death":64657,"minecraft:sprint_one_cm":206217,"minecraft:walk_one_cm":361352,"minecraft:drop":56,"minecraft:talked_to_villager":29,"minecraft:play_time":126470,"minecraft:sneak_time":10619,"minecraft:deaths":5,"minecraft:walk_under_water_one_cm":59228,"minecraft:boat_one_cm":609955,"minecraft:jump":1454,"minecraft:walk_on_water_one_cm":43182,"minecraft:total_world_time":126470,"minecraft:interact_with_furnace":2,"minecraft:sleep_in_bed":5,"minecraft:time_since_rest":7105,"minecraft:damage_taken":3273,"minecraft:damage_dealt":2627,"minecraft:swim_one_cm":109726,"minecraft:fly_one_cm":194590,"minecraft:open_chest":31,"minecraft:crouch_one_cm":49015,"minecraft:fall_one_cm":37668},"minecraft:killed":{"minecraft:skeleton":1,"minecraft:guardian":1,"minecraft:drowned":1,"minecraft:pig":5,"minecraft:wandering_trader":1,"minecraft:creeper":1,"minecraft:sheep":4,"minecraft:trader_llama":1,"minecraft:villager":1},"minecraft:mined":{"minecraft:white_bed":3,"minecraft:mossy_cobblestone":1,"minecraft:oak_door":3,"minecraft:grass_block":22,"minecraft:kelp":4,"minecraft:smooth_stone":1,"minecraft:oak_trapdoor":12,"minecraft:cobbled_deepslate":5,"minecraft:gold_block":1,"minecraft:dirt_path":2,"minecraft:cobblestone_slab":1,"minecraft:deepslate_iron_ore":4,"minecraft:water_cauldron":4,"minecraft:oak_stairs":10,"minecraft:stripped_oak_log":16,"minecraft:stone":18,"minecraft:oak_fence":3,"minecraft:crafting_table":2,"minecraft:chest":1,"minecraft:lectern":11,"minecraft:tall_grass":2,"minecraft:cobblestone":60,"minecraft:sugar_cane":1,"minecraft:oak_planks":14,"minecraft:wall_torch":1,"minecraft:white_terracotta":6,"minecraft:birch_log":5,"minecraft:birch_leaves":1,"minecraft:stripped_oak_wood":1,"minecraft:yellow_bed":7,"minecraft:grass":7,"minecraft:oak_log":25,"minecraft:sand":13,"minecraft:dirt":20,"minecraft:netherrack":84,"minecraft:oak_leaves":5},"minecraft:dropped":{"minecraft:iron_ingot":1,"minecraft:iron_sword":1,"minecraft:wheat_seeds":23,"minecraft:cooked_beef":1,"minecraft:mossy_cobblestone":2,"minecraft:prismarine_crystals":1,"minecraft:book":1,"minecraft:stick":4,"minecraft:emerald":16,"minecraft:dirt":14,"minecraft:kelp":1,"minecraft:sugar_cane":2,"minecraft:cobblestone_wall":2,"minecraft:rotten_flesh":1,"minecraft:white_terracotta":2,"minecraft:carrot":1,"minecraft:filled_map":6,"minecraft:leather_chestplate":1,"minecraft:leather_leggings":3,"minecraft:netherrack":64}},"DataVersion":3465}