{"stats":{"minecraft:killed_by":{"minecraft:zombie":1},"minecraft:custom":{"minecraft:jump":45,"minecraft:time_since_rest":233,"minecraft:damage_dealt":153,"minecraft:walk_on_water_one_cm":220,"minecraft:deaths":2,"minecraft:sprint_one_cm":4168,"minecraft:play_time":2229,"minecraft:damage_taken":570,"minecraft:time_since_death":197,"minecraft:walk_one_cm":10241,"minecraft:total_world_time":2229,"minecraft:walk_under_water_one_cm":193,"minecraft:swim_one_cm":3053,"minecraft:fall_one_cm":4056,"minecraft:fly_one_cm":3849}},"DataVersion":3465}