{"stats":{"minecraft:custom":{"minecraft:interact_with_crafting_table":136,"minecraft:bell_ring":113,"minecraft:leave_game":10,"minecraft:time_since_death":563331,"minecraft:sprint_one_cm":946528,"minecraft:drop":454,"minecraft:talked_to_villager":291,"minecraft:play_time":625144,"minecraft:deaths":5,"minecraft:jump":5740,"minecraft:walk_on_water_one_cm":369545,"minecraft:interact_with_furnace":67,"minecraft:traded_with_villager":189,"minecraft:sleep_in_bed":29,"minecraft:damage_dealt":14144,"minecraft:crouch_one_cm":246303,"minecraft:horse_one_cm":2860,"minecraft:interact_with_smithing_table":7,"minecraft:mob_kills":70,"minecraft:interact_with_anvil":15,"minecraft:climb_one_cm":552,"minecraft:walk_one_cm":2167412,"minecraft:raid_win":1,"minecraft:sneak_time":51794,"minecraft:walk_under_water_one_cm":214635,"minecraft:boat_one_cm":1072314,"minecraft:total_world_time":625144,"minecraft:interact_with_stonecutter":11,"minecraft:time_since_rest":32825,"minecraft:damage_taken":8092,"minecraft:damage_absorbed":78,"minecraft:minecart_one_cm":57714,"minecraft:swim_one_cm":238049,"minecraft:fly_one_cm":707986,"minecraft:open_chest":292,"minecraft:fall_one_cm":129457},"minecraft:broken":{"minecraft:iron_shovel":1,"minecraft:stone_axe":1,"minecraft:stone_hoe":1,"minecraft:iron_axe":4},"minecraft:crafted":{"minecraft:oak_planks":2692,"minecraft:cobblestone_slab":6,"minecraft:oak_sign":15,"minecraft:stone":275,"minecraft:bookshelf":21,"minecraft:glass":171,"minecraft:stone_brick_slab":34,"minecraft:diamond_helmet":2,"minecraft:iron_boots":1,"minecraft:chest":4,"minecraft:rail":64,"minecraft:stone_hoe":1,"minecraft:stone_bricks":17,"minecraft:oak_slab":126,"minecraft:emerald":157,"minecraft:cooked_porkchop":8,"minecraft:diamond_axe":1,"minecraft:crafting_table":5,"minecraft:smithing_table":1,"minecraft:fletching_table":2,"minecraft:birch_planks":20,"minecraft:lectern":17,"minecraft:dark_oak_slab":42,"minecraft:iron_chestplate":1,"minecraft:book":14,"minecraft:paper":192,"minecraft:diamond_pickaxe":1,"minecraft:stick":4044,"minecraft:iron_pickaxe":1,"minecraft:redstone_torch":17,"minecraft:composter":2,"minecraft:oak_door":3,"minecraft:redstone":36,"minecraft:furnace":2,"minecraft:dark_oak_trapdoor":6,"minecraft:bone_meal":9,"minecraft:oak_trapdoor":16,"minecraft:iron_axe":3,"minecraft:iron_hoe":1,"minecraft:diamond_boots":1,"minecraft:dark_oak_planks":260,"minecraft:minecart":1,"minecraft:diamond_sword":1,"minecraft:enchanting_table":1,"minecraft:powered_rail":12,"minecraft:iron_sword":1,"minecraft:bucket":1,"minecraft:stone_axe":1,"minecraft:enchanted_book":7,"minecraft:bread":2,"minecraft:air":0,"minecraft:oak_boat":4,"minecraft:iron_shovel":1,"minecraft:iron_leggings":1,"minecraft:white_bed":2,"minecraft:torch":16,"minecraft:diamond_chestplate":1},"minecraft:mined":{"minecraft:dark_oak_planks":39,"minecraft:white_bed":28,"minecraft:brewing_stand":3,"minecraft:grass_block":115,"minecraft:composter":8,"minecraft:oak_wall_sign":2,"minecraft:smooth_stone":2,"minecraft:dark_oak_trapdoor":7,"minecraft:cobbled_deepslate":28,"minecraft:fire":24,"minecraft:fletching_table":16,"minecraft:water_cauldron":4,"minecraft:dirt_path":41,"minecraft:oak_stairs":30,"minecraft:clay":4,"minecraft:torch":9,"minecraft:chest":2,"minecraft:glass":5,"minecraft:cobblestone":202,"minecraft:sugar_cane":152,"minecraft:oak_planks":119,"minecraft:damaged_anvil":1,"minecraft:wall_torch":4,"minecraft:white_terracotta":22,"minecraft:powered_rail":5,"minecraft:dark_oak_slab":4,"minecraft:birch_log":5,"minecraft:wheat":36,"minecraft:stripped_oak_wood":1,"minecraft:grass":22,"minecraft:oak_log":511,"minecraft:beetroots":1,"minecraft:sand":19,"minecraft:dirt":229,"minecraft:stonecutter":3,"minecraft:netherrack":248,"minecraft:oak_leaves":37,"minecraft:mossy_cobblestone":4,"minecraft:oak_door":10,"minecraft:dark_oak_log":8,"minecraft:kelp":7,"minecraft:oak_trapdoor":53,"minecraft:carrots":241,"minecraft:gold_block":1,"minecraft:bell":1,"minecraft:bookshelf":7,"minecraft:potatoes":2,"minecraft:deepslate_iron_ore":4,"minecraft:cobblestone_slab":3,"minecraft:rail":18,"minecraft:stripped_oak_log":18,"minecraft:stone":228,"minecraft:redstone_wall_torch":3,"minecraft:smithing_table":2,"minecraft:oak_slab":68,"minecraft:glass_pane":3,"minecraft:stone_brick_slab":6,"minecraft:oak_fence":7,"minecraft:crafting_table":4,"minecraft:lectern":81,"minecraft:tall_grass":8,"minecraft:blue_bed":2,"minecraft:birch_planks":7,"minecraft:redstone_torch":2,"minecraft:birch_leaves":1,"minecraft:bee_nest":1,"minecraft:yellow_bed":10,"minecraft:coal_ore":25,"minecraft:gravel":2,"minecraft:stone_bricks":71},"minecraft:killed":{"minecraft:skeleton":5,"minecraft:guardian":1,"minecraft:pig":5,"minecraft:creeper":3,"minecraft:sheep":5,"minecraft:trader_llama":3,"minecraft:pillager":5,"minecraft:zombie":13,"minecraft:cow":7,"minecraft:vex":3,"minecraft:phantom":2,"minecraft:drowned":1,"minecraft:wandering_trader":2,"minecraft:villager":4,"minecraft:enderman":7},"minecraft:killed_by":{"minecraft:creeper":2,"minecraft:zombie":1,"minecraft:skeleton":1},"minecraft:used":{"minecraft:iron_shovel":251,"minecraft:poppy":2,"minecraft:oak_sign":14,"minecraft:chest":5,"minecraft:white_terracotta":2,"minecraft:stone":4,"minecraft:iron_sword":85,"minecraft:bell":1,"minecraft:rotten_flesh":11,"minecraft:mutton":7,"minecraft:carrot":549,"minecraft:obsidian":1,"minecraft:glass":172,"minecraft:grass_block":1,"minecraft:dark_oak_slab":10,"minecraft:stone_bricks":287,"minecraft:bow":9,"minecraft:furnace":2,"minecraft:potato":38,"minecraft:damaged_anvil":1,"minecraft:powered_rail":18,"minecraft:oak_planks":319,"minecraft:ender_pearl":1,"minecraft:composter":11,"minecraft:blue_bed":2,"minecraft:diamond_axe":31,"minecraft:sugar_cane":37,"minecraft:white_wool":2,"minecraft:dark_oak_trapdoor":11,"minecraft:sand":9,"minecraft:redstone_torch":14,"minecraft:dark_oak_log":35,"minecraft:bread":10,"minecraft:lectern":99,"minecraft:diamond_sword":248,"minecraft:smithing_table":3,"minecraft:oak_boat":60,"minecraft:bone_meal":9,"minecraft:oak_trapdoor":64,"minecraft:enchanting_table":1,"minecraft:flint_and_steel":24,"minecraft:cooked_salmon":2,"minecraft:stone_hoe":131,"minecraft:netherrack":376,"minecraft:oak_door":15,"minecraft:torch":47,"minecraft:brewing_stand":2,"minecraft:dirt":457,"minecraft:anvil":1,"minecraft:golden_shovel":4,"minecraft:iron_hoe":47,"minecraft:stone_brick_slab":74,"minecraft:dark_oak_planks":167,"minecraft:bookshelf":3,"minecraft:iron_axe":926,"minecraft:oak_stairs":13,"minecraft:totem_of_undying":1,"minecraft:golden_carrot":2,"minecraft:minecart":18,"minecraft:cooked_beef":24,"minecraft:cobbled_deepslate":89,"minecraft:wheat_seeds":20,"minecraft:water_bucket":236,"minecraft:birch_planks":8,"minecraft:glass_bottle":2,"minecraft:netherite_chestplate":1,"minecraft:fletching_table":12,"minecraft:stonecutter":2,"minecraft:cobblestone_slab":6,"minecraft:mossy_cobblestone":1,"minecraft:rail":82,"minecraft:oak_slab":151,"minecraft:crafting_table":7,"minecraft:white_bed":34,"minecraft:cod":2,"minecraft:oak_log":25,"minecraft:diamond_pickaxe":660,"minecraft:iron_pickaxe":247,"minecraft:stone_axe":143,"minecraft:cobblestone":175,"minecraft:potion":2,"minecraft:porkchop":1,"minecraft:cooked_porkchop":24,"minecraft:bucket":237,"minecraft:pumpkin_pie":1,"minecraft:yellow_bed":10,"minecraft:smooth_stone":1},"minecraft:dropped":{"minecraft:clay":1,"minecraft:iron_sword":1,"minecraft:birch_planks":2,"minecraft:cooked_beef":1,"minecraft:oak_log":17,"minecraft:ender_pearl":1,"minecraft:diamond":3,"minecraft:dark_oak_slab":3,"minecraft:cod":1,"minecraft:emerald":16,"minecraft:dirt":44,"minecraft:dark_oak_trapdoor":1,"minecraft:phantom_membrane":1,"minecraft:sand":6,"minecraft:iron_pickaxe":1,"minecraft:sugar_cane":17,"minecraft:cobbled_deepslate":3,"minecraft:wheat":32,"minecraft:rotten_flesh":18,"minecraft:oak_planks":722,"minecraft:carrot":399,"minecraft:poppy":1,"minecraft:leather_chestplate":1,"minecraft:gunpowder":3,"minecraft:chest":1,"minecraft:leather_leggings":3,"minecraft:powered_rail":1,"minecraft:glass":1,"minecraft:netherrack":122,"minecraft:enchanted_book":3,"minecraft:stone_hoe":1,"minecraft:iron_ingot":2,"minecraft:oak_slab":3,"minecraft:wheat_seeds":26,"minecraft:mossy_cobblestone":2,"minecraft:minecart":1,"minecraft:bookshelf":2,"minecraft:netherite_chestplate":1,"minecraft:prismarine_crystals":1,"minecraft:feather":2,"minecraft:cobblestone":21,"minecraft:book":4,"minecraft:grass_block":1,"minecraft:stick":4,"minecraft:diamond_helmet":1,"minecraft:oak_stairs":1,"minecraft:iron_axe":1,"minecraft:paper":9,"minecraft:kelp":2,"minecraft:oak_trapdoor":5,"minecraft:cobblestone_wall":2,"minecraft:white_terracotta":10,"minecraft:netherite_leggings":1,"minecraft:filled_map":6,"minecraft:diamond_sword":5,"minecraft:potato":1,"minecraft:oak_sapling":2,"minecraft:oak_boat":1,"minecraft:redstone_torch":2,"minecraft:spider_eye":7,"minecraft:stone_bricks":2},"minecraft:picked_up":{"minecraft:iron_chestplate":3,"minecraft:wheat":38,"minecraft:anvil":1,"minecraft:smithing_table":2,"minecraft:lead":4,"minecraft:diamond_sword":5,"minecraft:oak_stairs":30,"minecraft:potion":2,"minecraft:enchanted_book":7,"minecraft:golden_shovel":1,"minecraft:brewing_stand":3,"minecraft:string":2,"minecraft:dark_oak_trapdoor":7,"minecraft:iron_leggings":1,"minecraft:netherite_ingot":2,"minecraft:oak_sign":2,"minecraft:beetroot":1,"minecraft:cobbled_deepslate":157,"minecraft:gold_nugget":24,"minecraft:smooth_stone":2,"minecraft:redstone_torch":5,"minecraft:cobblestone_slab":6,"minecraft:iron_pickaxe":3,"minecraft:iron_boots":3,"minecraft:tipped_arrow":2,"minecraft:stick":10,"minecraft:composter":10,"minecraft:oak_fence":8,"minecraft:torch":41,"minecraft:porkchop":42,"minecraft:cauldron":4,"minecraft:rotten_flesh":39,"minecraft:bookshelf":2,"minecraft:white_terracotta":25,"minecraft:obsidian":31,"minecraft:cod":4,"minecraft:cobblestone":496,"minecraft:birch_log":5,"minecraft:feather":2,"minecraft:cooked_beef":49,"minecraft:potato":34,"minecraft:flint":5,"minecraft:lapis_lazuli":1,"minecraft:dirt":519,"minecraft:glass":2,"minecraft:bone":4,"minecraft:stonecutter":3,"minecraft:bow":3,"minecraft:wheat_seeds":144,"minecraft:bell":1,"minecraft:fletching_table":16,"minecraft:powered_rail":8,"minecraft:stone_hoe":1,"minecraft:oak_planks":829,"minecraft:cooked_porkchop":16,"minecraft:sand":307,"minecraft:grass_block":3,"minecraft:dark_oak_log":8,"minecraft:mossy_cobblestone":5,"minecraft:clay":2,"minecraft:diamond":35,"minecraft:emerald":124,"minecraft:bread":1,"minecraft:oak_sapling":3,"minecraft:netherrack":825,"minecraft:crafting_table":6,"minecraft:clay_ball":16,"minecraft:golden_pickaxe":2,"minecraft:gold_block":6,"minecraft:oak_trapdoor":53,"minecraft:flint_and_steel":1,"minecraft:iron_axe":2,"minecraft:netherite_scrap":2,"minecraft:beef":14,"minecraft:oak_boat":58,"minecraft:lectern":85,"minecraft:poppy":15,"minecraft:minecart":18,"minecraft:sugar_cane":247,"minecraft:chest":2,"minecraft:phantom_membrane":3,"minecraft:egg":3,"minecraft:raw_iron":16,"minecraft:oak_door":16,"minecraft:trident":1,"minecraft:carrot":864,"minecraft:prismarine_crystals":1,"minecraft:dark_oak_planks":36,"minecraft:arrow":14,"minecraft:beetroot_seeds":1,"minecraft:pumpkin_pie":4,"minecraft:saddle":1,"minecraft:totem_of_undying":3,"minecraft:mutton":27,"minecraft:white_wool":8,"minecraft:rail":22,"minecraft:oxeye_daisy":1,"minecraft:stripped_oak_log":16,"minecraft:leather":13,"minecraft:filled_map":5,"minecraft:birch_planks":18,"minecraft:oak_log":506,"minecraft:gunpowder":5,"minecraft:yellow_bed":10,"minecraft:cobblestone_wall":4,"minecraft:cobblestone_stairs":1,"minecraft:blue_bed":2,"minecraft:paper":15,"minecraft:stone_bricks":67,"minecraft:kelp":7,"minecraft:stone_pickaxe":1,"minecraft:heart_of_the_sea":1,"minecraft:iron_ingot":73,"minecraft:stripped_oak_wood":1,"minecraft:iron_sword":4,"minecraft:book":46,"minecraft:oak_slab":94,"minecraft:dark_oak_slab":7,"minecraft:stone_brick_slab":5,"minecraft:dandelion":1,"minecraft:white_bed":33,"minecraft:spider_eye":14,"minecraft:gray_wool":2,"minecraft:damaged_anvil":1,"minecraft:coal":155,"minecraft:ender_pearl":16}},"DataVersion":3465}