{"stats":{"minecraft:picked_up":{"minecraft:iron_chestplate":3,"minecraft:crafting_table":4,"minecraft:wheat":3,"minecraft:clay_ball":16,"minecraft:golden_pickaxe":2,"minecraft:lead":2,"minecraft:oak_stairs":19,"minecraft:gold_block":6,"minecraft:potion":2,"minecraft:golden_shovel":1,"minecraft:brewing_stand":1,"minecraft:string":2,"minecraft:oak_trapdoor":24,"minecraft:netherite_scrap":2,"minecraft:flint_and_steel":1,"minecraft:iron_leggings":1,"minecraft:cobbled_deepslate":136,"minecraft:gold_nugget":24,"minecraft:smooth_stone":1,"minecraft:oak_boat":19,"minecraft:cobblestone_slab":2,"minecraft:poppy":1,"minecraft:iron_pickaxe":3,"minecraft:lectern":22,"minecraft:sugar_cane":23,"minecraft:chest":1,"minecraft:iron_boots":3,"minecraft:raw_iron":16,"minecraft:stick":8,"minecraft:oak_door":13,"minecraft:composter":2,"minecraft:oak_fence":8,"minecraft:torch":11,"minecraft:porkchop":42,"minecraft:carrot":12,"minecraft:prismarine_crystals":1,"minecraft:cauldron":4,"minecraft:arrow":4,"minecraft:rotten_flesh":3,"minecraft:bookshelf":1,"minecraft:white_terracotta":12,"minecraft:mutton":25,"minecraft:cod":1,"minecraft:white_wool":7,"minecraft:cobblestone":166,"minecraft:oxeye_daisy":1,"minecraft:stripped_oak_log":16,"minecraft:birch_log":5,"minecraft:cooked_beef":20,"minecraft:leather":1,"minecraft:potato":25,"minecraft:filled_map":5,"minecraft:birch_planks":16,"minecraft:flint":5,"minecraft:oak_log":37,"minecraft:yellow_bed":8,"minecraft:cobblestone_wall":4,"minecraft:gunpowder":2,"minecraft:cobblestone_stairs":1,"minecraft:blue_bed":1,"minecraft:dirt":177,"minecraft:paper":9,"minecraft:bone":1,"minecraft:stonecutter":1,"minecraft:kelp":5,"minecraft:bow":3,"minecraft:wheat_seeds":41,"minecraft:heart_of_the_sea":1,"minecraft:iron_ingot":65,"minecraft:stripped_oak_wood":1,"minecraft:iron_sword":4,"minecraft:oak_planks":41,"minecraft:book":2,"minecraft:oak_slab":11,"minecraft:cooked_porkchop":16,"minecraft:dandelion":1,"minecraft:sand":21,"minecraft:white_bed":10,"minecraft:mossy_cobblestone":3,"minecraft:diamond":14,"minecraft:gray_wool":2,"minecraft:emerald":8,"minecraft:netherrack":636,"minecraft:coal":2,"minecraft:ender_pearl":2},"minecraft:used":{"minecraft:oak_trapdoor":20,"minecraft:chest":3,"minecraft:iron_sword":64,"minecraft:cooked_salmon":2,"minecraft:stone_hoe":50,"minecraft:netherrack":348,"minecraft:oak_door":14,"minecraft:torch":9,"minecraft:brewing_stand":1,"minecraft:dirt":140,"minecraft:carrot":6,"minecraft:golden_shovel":4,"minecraft:iron_axe":168,"minecraft:oak_stairs":11,"minecraft:furnace":1,"minecraft:potato":27,"minecraft:cooked_beef":10,"minecraft:cobbled_deepslate":71,"minecraft:water_bucket":7,"minecraft:birch_planks":8,"minecraft:glass_bottle":2,"minecraft:oak_planks":137,"minecraft:stonecutter":1,"minecraft:composter":2,"minecraft:blue_bed":1,"minecraft:fletching_table":2,"minecraft:cobblestone_slab":6,"minecraft:white_wool":1,"minecraft:mossy_cobblestone":1,"minecraft:sand":8,"minecraft:oak_slab":15,"minecraft:crafting_table":3,"minecraft:white_bed":9,"minecraft:oak_log":1,"minecraft:iron_pickaxe":234,"minecraft:lectern":24,"minecraft:stone_axe":20,"minecraft:potion":2,"minecraft:cobblestone":129,"minecraft:cooked_porkchop":18,"minecraft:porkchop":1,"minecraft:smithing_table":1,"minecraft:bucket":7,"minecraft:yellow_bed":8,"minecraft:oak_boat":20,"minecraft:smooth_stone":1},"minecraft:crafted":{"minecraft:oak_door":3,"minecraft:oak_planks":980,"minecraft:cobblestone_slab":6,"minecraft:furnace":1,"minecraft:bookshelf":1,"minecraft:iron_boots":1,"minecraft:iron_axe":1,"minecraft:chest":2,"minecraft:stone_hoe":1,"minecraft:oak_slab":24,"minecraft:emerald":34,"minecraft:cooked_porkchop":8,"minecraft:crafting_table":3,"minecraft:iron_sword":1,"minecraft:smithing_table":1,"minecraft:fletching_table":2,"minecraft:bucket":1,"minecraft:birch_planks":20,"minecraft:stone_axe":1,"minecraft:air":0,"minecraft:oak_boat":3,"minecraft:lectern":2,"minecraft:iron_chestplate":1,"minecraft:book":4,"minecraft:paper":21,"minecraft:stick":1066,"minecraft:iron_pickaxe":1,"minecraft:iron_leggings":1,"minecraft:white_bed":2},"minecraft:killed_by":{"minecraft:creeper":2,"minecraft:skeleton":1,"minecraft:zombie":1},"minecraft:custom":{"minecraft:mob_kills":18,"minecraft:interact_with_crafting_table":37,"minecraft:bell_ring":59,"minecraft:leave_game":1,"minecraft:time_since_death":124657,"minecraft:climb_one_cm":552,"minecraft:sprint_one_cm":290900,"minecraft:walk_one_cm":633314,"minecraft:drop":66,"minecraft:talked_to_villager":58,"minecraft:play_time":186470,"minecraft:sneak_time":15507,"minecraft:deaths":5,"minecraft:walk_under_water_one_cm":64543,"minecraft:boat_one_cm":781797,"minecraft:jump":1934,"minecraft:walk_on_water_one_cm":45695,"minecraft:total_world_time":186470,"minecraft:interact_with_furnace":4,"minecraft:traded_with_villager":34,"minecraft:sleep_in_bed":10,"minecraft:time_since_rest":36688,"minecraft:damage_taken":3869,"minecraft:damage_dealt":2901,"minecraft:swim_one_cm":110631,"minecraft:fly_one_cm":232313,"minecraft:open_chest":68,"minecraft:crouch_one_cm":72373,"minecraft:fall_one_cm":47450,"minecraft:horse_one_cm":2860},"minecraft:killed":{"minecraft:skeleton":2,"minecraft:guardian":1,"minecraft:drowned":1,"minecraft:pig":5,"minecraft:wandering_trader":1,"minecraft:creeper":1,"minecraft:sheep":4,"minecraft:trader_llama":1,"minecraft:zombie":1,"minecraft:villager":1},"minecraft:mined":{"minecraft:white_bed":4,"minecraft:mossy_cobblestone":2,"minecraft:oak_door":7,"minecraft:brewing_stand":1,"minecraft:grass_block":25,"minecraft:kelp":4,"minecraft:smooth_stone":1,"minecraft:oak_trapdoor":25,"minecraft:cobbled_deepslate":7,"minecraft:gold_block":1,"minecraft:dirt_path":6,"minecraft:cobblestone_slab":1,"minecraft:deepslate_iron_ore":4,"minecraft:water_cauldron":4,"minecraft:oak_stairs":22,"minecraft:stripped_oak_log":16,"minecraft:stone":18,"minecraft:oak_slab":7,"minecraft:clay":4,"minecraft:torch":1,"minecraft:oak_fence":6,"minecraft:crafting_table":2,"minecraft:chest":1,"minecraft:lectern":19,"minecraft:tall_grass":7,"minecraft:cobblestone":79,"minecraft:sugar_cane":12,"minecraft:oak_planks":29,"minecraft:blue_bed":1,"minecraft:wall_torch":1,"minecraft:white_terracotta":10,"minecraft:birch_log":5,"minecraft:birch_leaves":1,"minecraft:stripped_oak_wood":1,"minecraft:yellow_bed":8,"minecraft:grass":14,"minecraft:oak_log":35,"minecraft:sand":13,"minecraft:dirt":22,"minecraft:stonecutter":1,"minecraft:netherrack":95,"minecraft:oak_leaves":5},"minecraft:dropped":{"minecraft:iron_ingot":1,"minecraft:iron_sword":1,"minecraft:wheat_seeds":23,"minecraft:cooked_beef":1,"minecraft:mossy_cobblestone":2,"minecraft:prismarine_crystals":1,"minecraft:book":1,"minecraft:stick":4,"minecraft:emerald":16,"minecraft:dirt":14,"minecraft:kelp":1,"minecraft:sugar_cane":2,"minecraft:oak_trapdoor":4,"minecraft:cobbled_deepslate":1,"minecraft:cobblestone_wall":2,"minecraft:wheat":3,"minecraft:rotten_flesh":1,"minecraft:oak_planks":1,"minecraft:white_terracotta":2,"minecraft:carrot":1,"minecraft:filled_map":6,"minecraft:leather_chestplate":1,"minecraft:oak_boat":1,"minecraft:leather_leggings":3,"minecraft:netherrack":64}},"DataVersion":3465}