{"stats":{"minecraft:picked_up":{"minecraft:birch_log":5,"minecraft:crafting_table":2,"minecraft:iron_chestplate":1,"minecraft:cooked_beef":20,"minecraft:filled_map":3,"minecraft:gold_block":2,"minecraft:oak_log":4,"minecraft:string":2,"minecraft:dirt":41,"minecraft:bow":1,"minecraft:wheat_seeds":8,"minecraft:iron_ingot":49,"minecraft:oak_boat":2,"minecraft:iron_pickaxe":1,"minecraft:oak_planks":18,"minecraft:iron_sword":2,"minecraft:iron_boots":1,"minecraft:raw_iron":8,"minecraft:oak_door":5,"minecraft:cooked_porkchop":4,"minecraft:sand":4,"minecraft:porkchop":21,"minecraft:white_bed":1,"minecraft:prismarine_crystals":1,"minecraft:arrow":1,"minecraft:gray_wool":2,"minecraft:netherrack":6,"minecraft:mutton":10,"minecraft:coal":1,"minecraft:white_wool":4,"minecraft:cobblestone":18,"minecraft:ender_pearl":2},"minecraft:used":{"minecraft:iron_sword":35,"minecraft:cooked_salmon":1,"minecraft:oak_door":8,"minecraft:white_wool":1,"minecraft:dirt":21,"minecraft:crafting_table":2,"minecraft:white_bed":1,"minecraft:iron_pickaxe":33,"minecraft:cooked_porkchop":4,"minecraft:oak_boat":2,"minecraft:cooked_beef":10},"minecraft:crafted":{"minecraft:oak_door":3,"minecraft:oak_planks":16,"minecraft:crafting_table":2,"minecraft:iron_sword":1,"minecraft:birch_planks":20,"minecraft:oak_boat":1,"minecraft:iron_boots":1,"minecraft:iron_chestplate":1,"minecraft:stick":8,"minecraft:iron_pickaxe":1,"minecraft:iron_leggings":1,"minecraft:white_bed":1},"minecraft:killed_by":{"minecraft:skeleton":1,"minecraft:creeper":1,"minecraft:zombie":1},"minecraft:custom":{"minecraft:mob_kills":9,"minecraft:interact_with_crafting_table":6,"minecraft:leave_game":1,"minecraft:time_since_death":39405,"minecraft:sleep_in_bed":1,"minecraft:time_since_rest":736,"minecraft:sprint_one_cm":104835,"minecraft:damage_taken":2426,"minecraft:walk_one_cm":88157,"minecraft:drop":13,"minecraft:damage_dealt":1490,"minecraft:swim_one_cm":86693,"minecraft:fly_one_cm":101521,"minecraft:open_chest":6,"minecraft:crouch_one_cm":887,"minecraft:play_time":48470,"minecraft:deaths":4,"minecraft:sneak_time":506,"minecraft:walk_under_water_one_cm":26666,"minecraft:boat_one_cm":292997,"minecraft:jump":737,"minecraft:walk_on_water_one_cm":19493,"minecraft:total_world_time":48470,"minecraft:fall_one_cm":22136},"minecraft:killed":{"minecraft:pig":5,"minecraft:sheep":1,"minecraft:skeleton":1,"minecraft:guardian":1,"minecraft:drowned":1},"minecraft:mined":{"minecraft:white_bed":1,"minecraft:oak_door":3,"minecraft:crafting_table":2,"minecraft:grass_block":13,"minecraft:tall_grass":2,"minecraft:birch_log":5,"minecraft:birch_leaves":1,"minecraft:grass":3,"minecraft:deepslate_iron_ore":4,"minecraft:dirt":12,"minecraft:sand":3,"minecraft:stone":18,"minecraft:netherrack":11,"minecraft:oak_leaves":2},"minecraft:dropped":{"minecraft:iron_ingot":1,"minecraft:iron_sword":1,"minecraft:wheat_seeds":8,"minecraft:cooked_beef":1,"minecraft:filled_map":3,"minecraft:leather_chestplate":1,"minecraft:dirt":2,"minecraft:leather_leggings":3}},"DataVersion":3465}