{"stats":{"minecraft:killed_by":{"minecraft:creeper":4,"minecraft:zombie":2,"minecraft:player":1,"minecraft:spider":1,"minecraft:skeleton":5},"minecraft:killed":{"minecraft:cave_spider":1,"minecraft:spider":8,"minecraft:shulker":8,"minecraft:skeleton":33,"minecraft:guardian":1,"minecraft:chicken":1,"minecraft:silverfish":34,"minecraft:camel":1,"minecraft:cat":1,"minecraft:piglin":2,"minecraft:pig":15,"minecraft:zombie_villager":1,"minecraft:iron_golem":2,"minecraft:creeper":24,"minecraft:sheep":6,"minecraft:trader_llama":3,"minecraft:pillager":17,"minecraft:goat":3,"minecraft:donkey":1,"minecraft:zombie":42,"minecraft:cow":13,"minecraft:vex":3,"minecraft:vindicator":2,"minecraft:phantom":2,"minecraft:horse":5,"minecraft:drowned":2,"minecraft:wandering_trader":2,"minecraft:wither_skeleton":5,"minecraft:villager":22,"minecraft:enderman":14},"minecraft:mined":{"minecraft:dark_oak_planks":39,"minecraft:dragon_wall_head":1,"minecraft:white_bed":34,"minecraft:cherry_log":166,"minecraft:brewing_stand":3,"minecraft:cherry_trapdoor":10,"minecraft:granite":4,"minecraft:stone_brick_wall":1,"minecraft:grass_block":281,"minecraft:bubble_coral_fan":1,"minecraft:polished_diorite":6,"minecraft:bubble_coral_block":1,"minecraft:composter":11,"minecraft:oak_wall_sign":2,"minecraft:spawner":1,"minecraft:smooth_stone":2,"minecraft:dark_oak_trapdoor":7,"minecraft:iron_ore":66,"minecraft:fire":24,"minecraft:cobbled_deepslate":28,"minecraft:anvil":1,"minecraft:deepslate_lapis_ore":6,"minecraft:fletching_table":17,"minecraft:water_cauldron":4,"minecraft:dirt_path":42,"minecraft:oak_stairs":30,"minecraft:green_bed":3,"minecraft:cut_sandstone":8,"minecraft:smoker":2,"minecraft:purpur_stairs":2,"minecraft:powder_snow":5,"minecraft:clay":4,"minecraft:torch":10,"minecraft:calcite":1,"minecraft:blast_furnace":2,"minecraft:poppy":1,"minecraft:chest":2,"minecraft:glass":5,"minecraft:nether_quartz_ore":22,"minecraft:cobblestone":225,"minecraft:damaged_anvil":1,"minecraft:cyan_bed":3,"minecraft:oak_planks":119,"minecraft:grindstone":1,"minecraft:sugar_cane":152,"minecraft:smooth_sandstone_slab":1,"minecraft:wall_torch":5,"minecraft:pink_petals":52,"minecraft:white_terracotta":22,"minecraft:cherry_fence":1,"minecraft:warped_nylium":12,"minecraft:blue_terracotta":1,"minecraft:powered_rail":5,"minecraft:dark_oak_slab":5,"minecraft:birch_log":8,"minecraft:wheat":36,"minecraft:stripped_oak_wood":1,"minecraft:cherry_door":5,"minecraft:tnt":2,"minecraft:purpur_block":7,"minecraft:stone_brick_stairs":7,"minecraft:grass":207,"minecraft:oak_log":511,"minecraft:beetroots":1,"minecraft:sand":28,"minecraft:dirt":374,"minecraft:sandstone_wall":5,"minecraft:stonecutter":3,"minecraft:netherrack":728,"minecraft:deepslate_tiles":11,"minecraft:oak_leaves":41,"minecraft:deepslate":299,"minecraft:nether_gold_ore":1,"minecraft:pink_shulker_box":10,"minecraft:tuff":9,"minecraft:mossy_cobblestone":4,"minecraft:oak_door":10,"minecraft:cherry_sapling":5,"minecraft:dark_oak_log":8,"minecraft:stripped_cherry_log":4,"minecraft:end_stone":5,"minecraft:shulker_box":3,"minecraft:nether_bricks":15,"minecraft:spruce_leaves":7,"minecraft:kelp":7,"minecraft:sandstone":14,"minecraft:oak_trapdoor":53,"minecraft:carrots":247,"minecraft:andesite":41,"minecraft:gold_block":2,"minecraft:bell":1,"minecraft:bookshelf":13,"minecraft:potatoes":2,"minecraft:cobblestone_slab":3,"minecraft:deepslate_iron_ore":4,"minecraft:rail":19,"minecraft:lantern":2,"minecraft:stripped_oak_log":18,"minecraft:chorus_plant":1,"minecraft:stone":777,"minecraft:cherry_stairs":2,"minecraft:redstone_wall_torch":3,"minecraft:smithing_table":3,"minecraft:oak_slab":68,"minecraft:glass_pane":3,"minecraft:infested_stone_bricks":1,"minecraft:stone_brick_slab":6,"minecraft:oak_fence":7,"minecraft:smooth_sandstone":7,"minecraft:crafting_table":7,"minecraft:emerald_ore":8,"minecraft:copper_ore":5,"minecraft:lectern":86,"minecraft:stone_slab":44,"minecraft:tall_grass":37,"minecraft:diorite":242,"minecraft:blue_bed":5,"minecraft:warped_wart_block":1,"minecraft:birch_planks":7,"minecraft:lime_bed":2,"minecraft:sea_pickle":1,"minecraft:redstone_torch":2,"minecraft:birch_leaves":15,"minecraft:white_carpet":1,"minecraft:spruce_log":7,"minecraft:bee_nest":5,"minecraft:yellow_bed":10,"minecraft:coal_ore":30,"minecraft:cherry_leaves":13,"minecraft:bubble_coral_wall_fan":1,"minecraft:gravel":6,"minecraft:dripstone_block":17,"minecraft:cobweb":7,"minecraft:cracked_stone_bricks":3,"minecraft:stone_bricks":82,"minecraft:mossy_stone_bricks":1,"minecraft:infested_stone":10},"minecraft:crafted":{"minecraft:grindstone":1,"minecraft:oak_planks":2692,"minecraft:cobblestone_slab":6,"minecraft:oak_sign":15,"minecraft:blaze_powder":28,"minecraft:stone":288,"minecraft:bookshelf":22,"minecraft:shulker_box":3,"minecraft:glass":171,"minecraft:stone_brick_slab":34,"minecraft:diamond_helmet":2,"minecraft:iron_boots":1,"minecraft:chest":8,"minecraft:rail":64,"minecraft:stone_hoe":1,"minecraft:ender_eye":22,"minecraft:stone_bricks":31,"minecraft:cherry_fence":21,"minecraft:oak_slab":126,"minecraft:emerald":215,"minecraft:cooked_porkchop":8,"minecraft:diamond_axe":1,"minecraft:crafting_table":9,"minecraft:spruce_planks":28,"minecraft:smithing_table":1,"minecraft:fletching_table":2,"minecraft:birch_planks":20,"minecraft:stone_brick_stairs":6,"minecraft:lectern":17,"minecraft:iron_chestplate":1,"minecraft:dark_oak_slab":42,"minecraft:book":14,"minecraft:paper":192,"minecraft:diamond_pickaxe":1,"minecraft:stone_slab":6,"minecraft:stick":6052,"minecraft:iron_ingot":24,"minecraft:iron_pickaxe":1,"minecraft:redstone_torch":17,"minecraft:composter":2,"minecraft:cherry_planks":244,"minecraft:oak_door":3,"minecraft:redstone":36,"minecraft:iron_nugget":27,"minecraft:furnace":3,"minecraft:dark_oak_trapdoor":6,"minecraft:bone_meal":24,"minecraft:oak_trapdoor":16,"minecraft:cherry_trapdoor":46,"minecraft:lantern":3,"minecraft:polished_diorite":1,"minecraft:iron_axe":5,"minecraft:iron_hoe":1,"minecraft:cherry_stairs":36,"minecraft:diamond_boots":1,"minecraft:dark_oak_planks":1780,"minecraft:minecart":1,"minecraft:diamond_sword":1,"minecraft:enchanting_table":1,"minecraft:powered_rail":12,"minecraft:iron_sword":1,"minecraft:bucket":1,"minecraft:dark_oak_button":17,"minecraft:stone_axe":1,"minecraft:enchanted_book":9,"minecraft:bread":2,"minecraft:air":0,"minecraft:oak_boat":4,"minecraft:iron_shovel":2,"minecraft:cherry_door":3,"minecraft:iron_leggings":1,"minecraft:stonecutter":1,"minecraft:white_bed":2,"minecraft:torch":52,"minecraft:diamond_chestplate":1,"minecraft:firework_rocket":975},"minecraft:dropped":{"minecraft:clay":1,"minecraft:iron_sword":1,"minecraft:birch_planks":2,"minecraft:diamond_axe":1,"minecraft:cooked_beef":1,"minecraft:oak_log":17,"minecraft:ender_pearl":4,"minecraft:diamond":3,"minecraft:crafting_table":1,"minecraft:dark_oak_slab":3,"minecraft:purpur_stairs":2,"minecraft:elytra":1,"minecraft:cod":1,"minecraft:emerald":49,"minecraft:dirt":46,"minecraft:jungle_button":2,"minecraft:cherry_trapdoor":14,"minecraft:dark_oak_trapdoor":1,"minecraft:cut_sandstone":8,"minecraft:netherite_boots":1,"minecraft:cherry_leaves":4,"minecraft:phantom_membrane":1,"minecraft:sand":15,"minecraft:iron_pickaxe":1,"minecraft:birch_log":1,"minecraft:dark_oak_planks":2,"minecraft:white_wool":1,"minecraft:gravel":1,"minecraft:purpur_block":10,"minecraft:sugar_cane":17,"minecraft:iron_nugget":3,"minecraft:cobbled_deepslate":18,"minecraft:netherite_sword":6,"minecraft:wheat":32,"minecraft:pointed_dripstone":3,"minecraft:rotten_flesh":33,"minecraft:oak_planks":723,"minecraft:end_stone":7,"minecraft:carrot":399,"minecraft:poppy":3,"minecraft:leather_chestplate":1,"minecraft:gunpowder":11,"minecraft:trident":2,"minecraft:chest":1,"minecraft:leather_leggings":3,"minecraft:powered_rail":1,"minecraft:arrow":2,"minecraft:glass":1,"minecraft:netherrack":124,"minecraft:egg":2,"minecraft:firework_rocket":769,"minecraft:enchanted_book":6,"minecraft:stone_hoe":1,"minecraft:iron_ingot":7,"minecraft:oak_slab":3,"minecraft:netherite_pickaxe":1,"minecraft:wheat_seeds":54,"minecraft:cherry_log":13,"minecraft:mossy_cobblestone":2,"minecraft:minecart":1,"minecraft:bookshelf":2,"minecraft:netherite_chestplate":2,"minecraft:book":14,"minecraft:feather":3,"minecraft:cobblestone":132,"minecraft:prismarine_crystals":1,"minecraft:granite":22,"minecraft:grass_block":2,"minecraft:coal":1,"minecraft:stick":9,"minecraft:diorite":18,"minecraft:diamond_helmet":2,"minecraft:oak_stairs":1,"minecraft:smooth_sandstone_slab":1,"minecraft:iron_axe":1,"minecraft:paper":9,"minecraft:string":11,"minecraft:smooth_sandstone":6,"minecraft:pink_petals":149,"minecraft:anvil":1,"minecraft:kelp":2,"minecraft:ender_chest":4,"minecraft:oak_trapdoor":5,"minecraft:netherite_ingot":1,"minecraft:blaze_rod":1,"minecraft:cobblestone_wall":2,"minecraft:raw_copper":13,"minecraft:deepslate":10,"minecraft:dead_bubble_coral_block":1,"minecraft:chicken":1,"minecraft:white_carpet":1,"minecraft:ender_eye":1,"minecraft:white_terracotta":10,"minecraft:netherite_leggings":3,"minecraft:filled_map":8,"minecraft:diamond_sword":5,"minecraft:potato":1,"minecraft:stone":5,"minecraft:andesite":5,"minecraft:oak_boat":1,"minecraft:oak_sapling":2,"minecraft:pink_shulker_box":1,"minecraft:infested_stone":64,"minecraft:redstone_torch":2,"minecraft:spider_eye":8,"minecraft:stone_bricks":2,"minecraft:stripped_cherry_log":1,"minecraft:diamond_boots":1,"minecraft:sandstone":18,"minecraft:bow":1},"minecraft:broken":{"minecraft:iron_shovel":1,"minecraft:stone_axe":1,"minecraft:stone_hoe":1,"minecraft:golden_axe":1,"minecraft:iron_axe":4},"minecraft:used":{"minecraft:cherry_sapling":48,"minecraft:iron_shovel":483,"minecraft:poppy":2,"minecraft:oak_sign":14,"minecraft:chest":6,"minecraft:white_terracotta":2,"minecraft:stone":42,"minecraft:iron_sword":85,"minecraft:bell":1,"minecraft:rotten_flesh":20,"minecraft:mutton":7,"minecraft:nether_bricks":2,"minecraft:carrot":560,"minecraft:snowball":16,"minecraft:obsidian":1,"minecraft:glass":172,"minecraft:grass_block":1,"minecraft:coal_ore":1,"minecraft:lantern":4,"minecraft:dark_oak_slab":12,"minecraft:cherry_leaves":2,"minecraft:stone_brick_stairs":48,"minecraft:stone_bricks":306,"minecraft:bow":283,"minecraft:furnace":3,"minecraft:potato":38,"minecraft:dragon_head":1,"minecraft:damaged_anvil":1,"minecraft:diorite":3,"minecraft:infested_stone":64,"minecraft:oak_planks":319,"minecraft:powered_rail":18,"minecraft:ender_pearl":19,"minecraft:diamond_axe":45,"minecraft:composter":11,"minecraft:blue_bed":3,"minecraft:sugar_cane":37,"minecraft:golden_apple":1,"minecraft:white_wool":2,"minecraft:dark_oak_trapdoor":11,"minecraft:sand":9,"minecraft:netherite_leggings":2,"minecraft:netherite_helmet":2,"minecraft:stone_brick_wall":25,"minecraft:dripstone_block":16,"minecraft:deepslate_tiles":19,"minecraft:redstone_torch":14,"minecraft:firework_rocket":215,"minecraft:bread":10,"minecraft:dark_oak_log":35,"minecraft:cyan_bed":3,"minecraft:lectern":103,"minecraft:gravel":2,"minecraft:diamond_sword":248,"minecraft:grindstone":2,"minecraft:smithing_table":3,"minecraft:andesite":27,"minecraft:oak_boat":63,"minecraft:stripped_cherry_log":3,"minecraft:air":33,"minecraft:bone_meal":24,"minecraft:netherite_sword":464,"minecraft:oak_trapdoor":64,"minecraft:trident":104,"minecraft:enchanting_table":1,"minecraft:flint_and_steel":24,"minecraft:cooked_salmon":2,"minecraft:stone_hoe":131,"minecraft:cooked_chicken":1,"minecraft:netherrack":627,"minecraft:oak_door":15,"minecraft:torch":82,"minecraft:dragon_egg":1,"minecraft:brewing_stand":2,"minecraft:dirt":795,"minecraft:anvil":6,"minecraft:shulker_box":3,"minecraft:golden_shovel":4,"minecraft:granite":4,"minecraft:polished_diorite":50,"minecraft:brown_terracotta":2,"minecraft:dark_oak_planks":625,"minecraft:iron_hoe":47,"minecraft:stone_brick_slab":82,"minecraft:bookshelf":5,"minecraft:iron_axe":1147,"minecraft:oak_stairs":13,"minecraft:cherry_trapdoor":53,"minecraft:totem_of_undying":4,"minecraft:golden_carrot":6,"minecraft:netherite_pickaxe":2031,"minecraft:minecart":18,"minecraft:cherry_fence":9,"minecraft:cooked_beef":55,"minecraft:dead_bubble_coral_block":1,"minecraft:cobbled_deepslate":91,"minecraft:cherry_log":316,"minecraft:golden_axe":36,"minecraft:cooked_mutton":1,"minecraft:wheat_seeds":20,"minecraft:water_bucket":251,"minecraft:birch_planks":8,"minecraft:glass_bottle":36,"minecraft:netherite_chestplate":3,"minecraft:baked_potato":2,"minecraft:cobblestone_slab":6,"minecraft:fletching_table":15,"minecraft:stonecutter":3,"minecraft:mossy_cobblestone":1,"minecraft:tnt":2,"minecraft:rail":82,"minecraft:crafting_table":12,"minecraft:oak_slab":151,"minecraft:white_bed":37,"minecraft:cod":2,"minecraft:deepslate_tile_wall":16,"minecraft:oak_log":25,"minecraft:ender_eye":26,"minecraft:diamond_pickaxe":661,"minecraft:cherry_door":9,"minecraft:iron_pickaxe":247,"minecraft:netherite_axe":6,"minecraft:stone_slab":422,"minecraft:stone_axe":143,"minecraft:pink_petals":4,"minecraft:cherry_stairs":12,"minecraft:cobblestone":222,"minecraft:potion":36,"minecraft:porkchop":1,"minecraft:cooked_porkchop":109,"minecraft:pink_shulker_box":14,"minecraft:bucket":252,"minecraft:pumpkin_pie":4,"minecraft:yellow_bed":10,"minecraft:smooth_stone":1},"minecraft:custom":{"minecraft:interact_with_crafting_table":182,"minecraft:open_shulker_box":62,"minecraft:bell_ring":119,"minecraft:leave_game":31,"minecraft:time_since_death":17351,"minecraft:sprint_one_cm":1981298,"minecraft:drop":605,"minecraft:talked_to_villager":339,"minecraft:play_time":1210656,"minecraft:deaths":15,"minecraft:jump":11704,"minecraft:interact_with_brewingstand":1,"minecraft:walk_on_water_one_cm":539303,"minecraft:interact_with_furnace":72,"minecraft:traded_with_villager":250,"minecraft:sleep_in_bed":59,"minecraft:open_enderchest":3,"minecraft:damage_dealt":45033,"minecraft:crouch_one_cm":384967,"minecraft:horse_one_cm":2860,"minecraft:interact_with_smithing_table":14,"minecraft:interact_with_anvil":44,"minecraft:mob_kills":309,"minecraft:climb_one_cm":5018,"minecraft:walk_one_cm":3605284,"minecraft:raid_win":1,"minecraft:sneak_time":83613,"minecraft:walk_under_water_one_cm":518147,"minecraft:boat_one_cm":1652364,"minecraft:total_world_time":1210656,"minecraft:raid_trigger":1,"minecraft:interact_with_stonecutter":24,"minecraft:time_since_rest":3310,"minecraft:damage_absorbed":145,"minecraft:damage_taken":22283,"minecraft:minecart_one_cm":57714,"minecraft:swim_one_cm":403547,"minecraft:fly_one_cm":1974756,"minecraft:open_chest":427,"minecraft:aviate_one_cm":13754727,"minecraft:fall_one_cm":305390},"minecraft:picked_up":{"minecraft:shulker_shell":6,"minecraft:iron_chestplate":3,"minecraft:wheat":38,"minecraft:ender_chest":13,"minecraft:anvil":2,"minecraft:smithing_table":3,"minecraft:stone_slab":66,"minecraft:lead":4,"minecraft:diamond_sword":5,"minecraft:oak_stairs":30,"minecraft:enchanted_book":9,"minecraft:potion":6,"minecraft:golden_shovel":1,"minecraft:stone_brick_stairs":30,"minecraft:brewing_stand":3,"minecraft:string":27,"minecraft:dark_oak_trapdoor":7,"minecraft:raw_copper":13,"minecraft:iron_leggings":1,"minecraft:netherite_ingot":3,"minecraft:pink_shulker_box":16,"minecraft:oak_sign":2,"minecraft:beetroot":1,"minecraft:sea_pickle":3,"minecraft:deepslate_tiles":11,"minecraft:smooth_stone":2,"minecraft:gold_nugget":24,"minecraft:cobbled_deepslate":430,"minecraft:calcite":1,"minecraft:redstone_torch":5,"minecraft:cobblestone_slab":6,"minecraft:ender_eye":5,"minecraft:iron_pickaxe":3,"minecraft:iron_boots":3,"minecraft:tipped_arrow":2,"minecraft:stick":104,"minecraft:composter":13,"minecraft:brown_terracotta":2,"minecraft:oak_fence":8,"minecraft:torch":42,"minecraft:green_bed":3,"minecraft:sandstone_wall":1,"minecraft:porkchop":42,"minecraft:cherry_log":402,"minecraft:pointed_dripstone":3,"minecraft:diorite":240,"minecraft:cauldron":4,"minecraft:rotten_flesh":100,"minecraft:bookshelf":2,"minecraft:white_terracotta":25,"minecraft:netherite_chestplate":5,"minecraft:blaze_rod":29,"minecraft:obsidian":31,"minecraft:cod":4,"minecraft:snowball":16,"minecraft:cobblestone":693,"minecraft:birch_log":6,"minecraft:pink_petals":240,"minecraft:leather_chestplate":2,"minecraft:feather":3,"minecraft:cooked_beef":75,"minecraft:cherry_leaves":6,"minecraft:water_bucket":1,"minecraft:andesite":32,"minecraft:smoker":1,"minecraft:potato":34,"minecraft:flint":5,"minecraft:cherry_fence":1,"minecraft:cherry_door":8,"minecraft:netherite_leggings":8,"minecraft:lapis_lazuli":311,"minecraft:dirt":1115,"minecraft:lantern":3,"minecraft:glass":2,"minecraft:bone":63,"minecraft:stonecutter":3,"minecraft:bow":11,"minecraft:wheat_seeds":175,"minecraft:bell":1,"minecraft:grindstone":1,"minecraft:fletching_table":17,"minecraft:powered_rail":8,"minecraft:stone_hoe":1,"minecraft:oak_planks":829,"minecraft:cooked_porkchop":76,"minecraft:warped_wart_block":1,"minecraft:sand":316,"minecraft:grass_block":4,"minecraft:cyan_bed":4,"minecraft:dark_oak_log":24,"minecraft:shulker_box":3,"minecraft:mossy_cobblestone":5,"minecraft:clay":2,"minecraft:deepslate":10,"minecraft:diamond":35,"minecraft:netherite_helmet":5,"minecraft:granite":34,"minecraft:bread":1,"minecraft:golden_horse_armor":1,"minecraft:emerald":157,"minecraft:oak_sapling":3,"minecraft:netherrack":1437,"minecraft:chorus_fruit":8,"minecraft:crafting_table":10,"minecraft:bee_nest":8,"minecraft:bubble_coral_fan":6,"minecraft:chicken":1,"minecraft:clay_ball":16,"minecraft:golden_pickaxe":2,"minecraft:pink_wool":1,"minecraft:stone_brick_wall":21,"minecraft:gold_block":7,"minecraft:stripped_cherry_log":4,"minecraft:dragon_head":1,"minecraft:purpur_block":10,"minecraft:oak_trapdoor":53,"minecraft:elytra":6,"minecraft:iron_axe":6,"minecraft:flint_and_steel":1,"minecraft:netherite_scrap":2,"minecraft:white_carpet":1,"minecraft:iron_shovel":11,"minecraft:netherite_sword":13,"minecraft:beef":14,"minecraft:oak_boat":61,"minecraft:iron_nugget":3,"minecraft:poppy":17,"minecraft:lectern":90,"minecraft:minecart":18,"minecraft:sugar_cane":305,"minecraft:chest":2,"minecraft:birch_sapling":1,"minecraft:phantom_membrane":3,"minecraft:cherry_trapdoor":33,"minecraft:egg":8,"minecraft:raw_iron":204,"minecraft:sandstone":18,"minecraft:end_stone":7,"minecraft:stone":456,"minecraft:cherry_stairs":11,"minecraft:oak_door":16,"minecraft:trident":4,"minecraft:carrot":883,"minecraft:netherite_pickaxe":13,"minecraft:prismarine_crystals":1,"minecraft:stone_pressure_plate":1,"minecraft:dark_oak_planks":121,"minecraft:smooth_sandstone_slab":1,"minecraft:arrow":49,"minecraft:beetroot_seeds":1,"minecraft:pumpkin_pie":4,"minecraft:nether_bricks":14,"minecraft:tube_coral_fan":5,"minecraft:saddle":1,"minecraft:totem_of_undying":3,"minecraft:mutton":27,"minecraft:white_wool":10,"minecraft:rail":22,"minecraft:emerald_ore":11,"minecraft:oxeye_daisy":1,"minecraft:stripped_oak_log":16,"minecraft:netherite_boots":7,"minecraft:lime_bed":2,"minecraft:leather":37,"minecraft:cut_sandstone":25,"minecraft:birch_planks":18,"minecraft:filled_map":5,"minecraft:purpur_stairs":2,"minecraft:oak_log":506,"minecraft:jungle_button":2,"minecraft:cobblestone_wall":4,"minecraft:yellow_bed":10,"minecraft:gunpowder":37,"minecraft:cobblestone_stairs":1,"minecraft:blue_bed":5,"minecraft:paper":15,"minecraft:white_banner":2,"minecraft:orange_terracotta":2,"minecraft:cooked_mutton":18,"minecraft:smooth_sandstone":6,"minecraft:stone_bricks":79,"minecraft:kelp":7,"minecraft:heart_of_the_sea":1,"minecraft:iron_ingot":81,"minecraft:stone_pickaxe":1,"minecraft:cooked_chicken":1,"minecraft:iron_ore":1,"minecraft:stripped_oak_wood":1,"minecraft:glass_bottle":8,"minecraft:iron_sword":4,"minecraft:book":61,"minecraft:oak_slab":94,"minecraft:dark_oak_slab":9,"minecraft:stone_brick_slab":5,"minecraft:quartz":20,"minecraft:dandelion":1,"minecraft:dripstone_block":16,"minecraft:gravel":4,"minecraft:spruce_sapling":3,"minecraft:blast_furnace":2,"minecraft:white_bed":39,"minecraft:spruce_log":7,"minecraft:spider_eye":24,"minecraft:dragon_egg":1,"minecraft:firework_rocket":831,"minecraft:coal_ore":1,"minecraft:polished_diorite":164,"minecraft:dead_bubble_coral_block":2,"minecraft:diamond_axe":1,"minecraft:cherry_sapling":48,"minecraft:gray_wool":4,"minecraft:warped_roots":2,"minecraft:oak_button":1,"minecraft:baked_potato":2,"minecraft:damaged_anvil":1,"minecraft:warped_nylium":2,"minecraft:coal":183,"minecraft:ender_pearl":47}},"DataVersion":3465}