{"stats":{"minecraft:picked_up":{"minecraft:iron_chestplate":3,"minecraft:crafting_table":4,"minecraft:golden_pickaxe":2,"minecraft:lead":2,"minecraft:gold_block":6,"minecraft:potion":2,"minecraft:golden_shovel":1,"minecraft:string":2,"minecraft:oak_trapdoor":3,"minecraft:flint_and_steel":1,"minecraft:iron_leggings":1,"minecraft:cobbled_deepslate":130,"minecraft:gold_nugget":24,"minecraft:smooth_stone":1,"minecraft:oak_boat":2,"minecraft:iron_pickaxe":3,"minecraft:lectern":11,"minecraft:sugar_cane":2,"minecraft:iron_boots":3,"minecraft:raw_iron":16,"minecraft:stick":8,"minecraft:oak_door":6,"minecraft:torch":2,"minecraft:porkchop":42,"minecraft:carrot":10,"minecraft:prismarine_crystals":1,"minecraft:cauldron":4,"minecraft:arrow":2,"minecraft:rotten_flesh":2,"minecraft:bookshelf":1,"minecraft:white_terracotta":4,"minecraft:mutton":20,"minecraft:white_wool":4,"minecraft:cobblestone":120,"minecraft:birch_log":5,"minecraft:cooked_beef":20,"minecraft:leather":1,"minecraft:filled_map":5,"minecraft:birch_planks":16,"minecraft:flint":5,"minecraft:oak_log":15,"minecraft:yellow_bed":2,"minecraft:cobblestone_wall":4,"minecraft:gunpowder":2,"minecraft:cobblestone_stairs":1,"minecraft:dirt":150,"minecraft:paper":9,"minecraft:kelp":5,"minecraft:bow":3,"minecraft:wheat_seeds":24,"minecraft:heart_of_the_sea":1,"minecraft:iron_ingot":60,"minecraft:iron_sword":4,"minecraft:oak_planks":19,"minecraft:book":2,"minecraft:cooked_porkchop":16,"minecraft:sand":16,"minecraft:white_bed":3,"minecraft:mossy_cobblestone":2,"minecraft:diamond":1,"minecraft:gray_wool":2,"minecraft:emerald":8,"minecraft:netherrack":595,"minecraft:coal":2,"minecraft:ender_pearl":2},"minecraft:used":{"minecraft:chest":1,"minecraft:iron_sword":52,"minecraft:cooked_salmon":2,"minecraft:netherrack":164,"minecraft:oak_door":8,"minecraft:dirt":116,"minecraft:carrot":4,"minecraft:golden_shovel":4,"minecraft:iron_axe":25,"minecraft:furnace":1,"minecraft:cooked_beef":10,"minecraft:cobbled_deepslate":27,"minecraft:glass_bottle":2,"minecraft:fletching_table":2,"minecraft:cobblestone_slab":6,"minecraft:white_wool":1,"minecraft:sand":8,"minecraft:crafting_table":3,"minecraft:white_bed":3,"minecraft:iron_pickaxe":120,"minecraft:lectern":11,"minecraft:potion":2,"minecraft:cobblestone":71,"minecraft:cooked_porkchop":6,"minecraft:porkchop":1,"minecraft:yellow_bed":2,"minecraft:oak_boat":3,"minecraft:smooth_stone":1},"minecraft:crafted":{"minecraft:oak_door":3,"minecraft:oak_planks":60,"minecraft:cobblestone_slab":6,"minecraft:furnace":1,"minecraft:iron_boots":1,"minecraft:iron_axe":1,"minecraft:chest":1,"minecraft:cooked_porkchop":8,"minecraft:crafting_table":3,"minecraft:iron_sword":1,"minecraft:fletching_table":2,"minecraft:birch_planks":20,"minecraft:oak_boat":1,"minecraft:iron_chestplate":1,"minecraft:book":1,"minecraft:stick":8,"minecraft:iron_pickaxe":1,"minecraft:iron_leggings":1,"minecraft:white_bed":1},"minecraft:killed_by":{"minecraft:creeper":2,"minecraft:skeleton":1,"minecraft:zombie":1},"minecraft:custom":{"minecraft:mob_kills":12,"minecraft:interact_with_crafting_table":17,"minecraft:bell_ring":59,"minecraft:leave_game":1,"minecraft:time_since_death":34657,"minecraft:sprint_one_cm":158175,"minecraft:walk_one_cm":220338,"minecraft:drop":56,"minecraft:talked_to_villager":25,"minecraft:play_time":96470,"minecraft:sneak_time":6107,"minecraft:deaths":5,"minecraft:walk_under_water_one_cm":56430,"minecraft:boat_one_cm":549916,"minecraft:jump":1153,"minecraft:walk_on_water_one_cm":38470,"minecraft:total_world_time":96470,"minecraft:interact_with_furnace":2,"minecraft:sleep_in_bed":4,"minecraft:time_since_rest":16000,"minecraft:damage_taken":3078,"minecraft:damage_dealt":2327,"minecraft:swim_one_cm":107607,"minecraft:fly_one_cm":161260,"minecraft:open_chest":20,"minecraft:crouch_one_cm":27069,"minecraft:fall_one_cm":29954},"minecraft:killed":{"minecraft:skeleton":1,"minecraft:guardian":1,"minecraft:drowned":1,"minecraft:pig":5,"minecraft:wandering_trader":1,"minecraft:creeper":1,"minecraft:sheep":1,"minecraft:trader_llama":1},"minecraft:mined":{"minecraft:white_bed":2,"minecraft:mossy_cobblestone":1,"minecraft:oak_door":3,"minecraft:grass_block":17,"minecraft:kelp":4,"minecraft:smooth_stone":1,"minecraft:oak_trapdoor":3,"minecraft:cobbled_deepslate":2,"minecraft:gold_block":1,"minecraft:deepslate_iron_ore":4,"minecraft:water_cauldron":4,"minecraft:stone":18,"minecraft:crafting_table":2,"minecraft:lectern":11,"minecraft:tall_grass":2,"minecraft:cobblestone":36,"minecraft:sugar_cane":1,"minecraft:oak_planks":1,"minecraft:white_terracotta":2,"minecraft:birch_log":5,"minecraft:birch_leaves":1,"minecraft:yellow_bed":2,"minecraft:grass":5,"minecraft:oak_log":11,"minecraft:sand":8,"minecraft:dirt":15,"minecraft:netherrack":49,"minecraft:oak_leaves":2},"minecraft:dropped":{"minecraft:iron_ingot":1,"minecraft:iron_sword":1,"minecraft:wheat_seeds":23,"minecraft:cooked_beef":1,"minecraft:mossy_cobblestone":2,"minecraft:prismarine_crystals":1,"minecraft:book":1,"minecraft:stick":4,"minecraft:emerald":16,"minecraft:dirt":14,"minecraft:kelp":1,"minecraft:sugar_cane":2,"minecraft:cobblestone_wall":2,"minecraft:rotten_flesh":1,"minecraft:white_terracotta":2,"minecraft:carrot":1,"minecraft:filled_map":6,"minecraft:leather_chestplate":1,"minecraft:leather_leggings":3,"minecraft:netherrack":64}},"DataVersion":3465}