{"stats":{"minecraft:picked_up":{"minecraft:iron_chestplate":3,"minecraft:crafting_table":4,"minecraft:wheat":32,"minecraft:clay_ball":16,"minecraft:golden_pickaxe":2,"minecraft:lead":2,"minecraft:oak_stairs":19,"minecraft:enchanted_book":3,"minecraft:gold_block":6,"minecraft:potion":2,"minecraft:golden_shovel":1,"minecraft:brewing_stand":1,"minecraft:string":2,"minecraft:oak_trapdoor":27,"minecraft:iron_axe":1,"minecraft:netherite_scrap":2,"minecraft:flint_and_steel":1,"minecraft:iron_leggings":1,"minecraft:beetroot":1,"minecraft:cobbled_deepslate":139,"minecraft:gold_nugget":24,"minecraft:smooth_stone":2,"minecraft:beef":14,"minecraft:oak_boat":22,"minecraft:cobblestone_slab":2,"minecraft:poppy":1,"minecraft:iron_pickaxe":3,"minecraft:lectern":41,"minecraft:sugar_cane":42,"minecraft:chest":1,"minecraft:egg":2,"minecraft:iron_boots":3,"minecraft:raw_iron":16,"minecraft:stick":10,"minecraft:oak_door":13,"minecraft:composter":3,"minecraft:oak_fence":8,"minecraft:torch":21,"minecraft:porkchop":42,"minecraft:carrot":12,"minecraft:prismarine_crystals":1,"minecraft:cauldron":4,"minecraft:arrow":4,"minecraft:rotten_flesh":6,"minecraft:beetroot_seeds":1,"minecraft:bookshelf":1,"minecraft:white_terracotta":13,"minecraft:obsidian":31,"minecraft:mutton":25,"minecraft:cod":1,"minecraft:white_wool":7,"minecraft:cobblestone":175,"minecraft:oxeye_daisy":1,"minecraft:stripped_oak_log":16,"minecraft:birch_log":5,"minecraft:cooked_beef":20,"minecraft:leather":7,"minecraft:potato":28,"minecraft:filled_map":5,"minecraft:birch_planks":16,"minecraft:flint":5,"minecraft:oak_log":257,"minecraft:yellow_bed":8,"minecraft:cobblestone_wall":4,"minecraft:gunpowder":2,"minecraft:cobblestone_stairs":1,"minecraft:blue_bed":1,"minecraft:dirt":179,"minecraft:paper":9,"minecraft:bone":1,"minecraft:stonecutter":1,"minecraft:kelp":5,"minecraft:bow":3,"minecraft:wheat_seeds":122,"minecraft:heart_of_the_sea":1,"minecraft:iron_ingot":65,"minecraft:stripped_oak_wood":1,"minecraft:iron_sword":4,"minecraft:oak_planks":63,"minecraft:book":20,"minecraft:oak_slab":27,"minecraft:cooked_porkchop":16,"minecraft:dandelion":1,"minecraft:sand":22,"minecraft:grass_block":1,"minecraft:white_bed":17,"minecraft:mossy_cobblestone":3,"minecraft:diamond":35,"minecraft:gray_wool":2,"minecraft:emerald":26,"minecraft:netherrack":647,"minecraft:coal":2,"minecraft:ender_pearl":3},"minecraft:used":{"minecraft:oak_trapdoor":31,"minecraft:enchanting_table":1,"minecraft:flint_and_steel":2,"minecraft:chest":3,"minecraft:iron_sword":85,"minecraft:cooked_salmon":2,"minecraft:stone_hoe":51,"minecraft:netherrack":350,"minecraft:oak_door":14,"minecraft:torch":9,"minecraft:brewing_stand":1,"minecraft:dirt":142,"minecraft:carrot":6,"minecraft:golden_shovel":4,"minecraft:obsidian":1,"minecraft:bookshelf":1,"minecraft:iron_axe":354,"minecraft:oak_stairs":11,"minecraft:furnace":1,"minecraft:potato":27,"minecraft:cooked_beef":10,"minecraft:cobbled_deepslate":73,"minecraft:wheat_seeds":20,"minecraft:water_bucket":39,"minecraft:netherite_chestplate":1,"minecraft:birch_planks":8,"minecraft:glass_bottle":2,"minecraft:oak_planks":143,"minecraft:stonecutter":1,"minecraft:composter":2,"minecraft:blue_bed":1,"minecraft:fletching_table":2,"minecraft:cobblestone_slab":6,"minecraft:white_wool":1,"minecraft:mossy_cobblestone":1,"minecraft:sand":8,"minecraft:oak_slab":43,"minecraft:crafting_table":3,"minecraft:white_bed":17,"minecraft:oak_log":1,"minecraft:diamond_pickaxe":9,"minecraft:iron_pickaxe":247,"minecraft:lectern":45,"minecraft:stone_axe":143,"minecraft:diamond_sword":25,"minecraft:potion":2,"minecraft:cobblestone":135,"minecraft:cooked_porkchop":22,"minecraft:porkchop":1,"minecraft:smithing_table":1,"minecraft:bucket":40,"minecraft:yellow_bed":8,"minecraft:oak_boat":23,"minecraft:bone_meal":3,"minecraft:smooth_stone":1},"minecraft:crafted":{"minecraft:oak_door":3,"minecraft:oak_planks":1576,"minecraft:cobblestone_slab":6,"minecraft:furnace":1,"minecraft:bone_meal":3,"minecraft:bookshelf":6,"minecraft:oak_trapdoor":8,"minecraft:diamond_helmet":1,"minecraft:iron_boots":1,"minecraft:iron_axe":2,"minecraft:chest":2,"minecraft:diamond_boots":1,"minecraft:stone_hoe":1,"minecraft:oak_slab":48,"minecraft:diamond_sword":1,"minecraft:emerald":72,"minecraft:cooked_porkchop":8,"minecraft:enchanting_table":1,"minecraft:crafting_table":3,"minecraft:iron_sword":1,"minecraft:smithing_table":1,"minecraft:fletching_table":2,"minecraft:bucket":1,"minecraft:birch_planks":20,"minecraft:stone_axe":1,"minecraft:enchanted_book":1,"minecraft:air":0,"minecraft:oak_boat":3,"minecraft:lectern":6,"minecraft:iron_chestplate":1,"minecraft:book":8,"minecraft:paper":30,"minecraft:diamond_pickaxe":1,"minecraft:stick":2288,"minecraft:iron_pickaxe":1,"minecraft:iron_leggings":1,"minecraft:white_bed":2,"minecraft:diamond_chestplate":1},"minecraft:killed_by":{"minecraft:creeper":2,"minecraft:skeleton":1,"minecraft:zombie":1},"minecraft:broken":{"minecraft:iron_axe":1,"minecraft:stone_axe":1},"minecraft:custom":{"minecraft:interact_with_smithing_table":1,"minecraft:interact_with_anvil":7,"minecraft:mob_kills":27,"minecraft:interact_with_crafting_table":63,"minecraft:bell_ring":59,"minecraft:leave_game":1,"minecraft:time_since_death":184657,"minecraft:climb_one_cm":552,"minecraft:sprint_one_cm":360158,"minecraft:walk_one_cm":869359,"minecraft:drop":73,"minecraft:talked_to_villager":107,"minecraft:play_time":246470,"minecraft:sneak_time":20397,"minecraft:deaths":5,"minecraft:walk_under_water_one_cm":67269,"minecraft:boat_one_cm":823467,"minecraft:jump":2326,"minecraft:walk_on_water_one_cm":75972,"minecraft:total_world_time":246470,"minecraft:interact_with_furnace":4,"minecraft:traded_with_villager":77,"minecraft:sleep_in_bed":15,"minecraft:time_since_rest":8232,"minecraft:damage_taken":4112,"minecraft:damage_dealt":4101,"minecraft:swim_one_cm":110966,"minecraft:fly_one_cm":284409,"minecraft:open_chest":123,"minecraft:crouch_one_cm":94614,"minecraft:fall_one_cm":58327,"minecraft:horse_one_cm":2860},"minecraft:killed":{"minecraft:skeleton":2,"minecraft:guardian":1,"minecraft:drowned":1,"minecraft:pig":5,"minecraft:wandering_trader":1,"minecraft:creeper":1,"minecraft:sheep":4,"minecraft:trader_llama":1,"minecraft:zombie":2,"minecraft:villager":1,"minecraft:enderman":1,"minecraft:cow":7},"minecraft:mined":{"minecraft:white_bed":12,"minecraft:mossy_cobblestone":2,"minecraft:oak_door":7,"minecraft:brewing_stand":1,"minecraft:grass_block":25,"minecraft:composter":1,"minecraft:kelp":5,"minecraft:smooth_stone":2,"minecraft:oak_trapdoor":28,"minecraft:fire":2,"minecraft:cobbled_deepslate":10,"minecraft:gold_block":1,"minecraft:potatoes":1,"minecraft:bookshelf":5,"minecraft:dirt_path":6,"minecraft:cobblestone_slab":1,"minecraft:deepslate_iron_ore":4,"minecraft:water_cauldron":4,"minecraft:oak_stairs":22,"minecraft:stripped_oak_log":16,"minecraft:stone":18,"minecraft:oak_slab":23,"minecraft:clay":4,"minecraft:torch":1,"minecraft:oak_fence":7,"minecraft:crafting_table":2,"minecraft:chest":1,"minecraft:lectern":38,"minecraft:tall_grass":8,"minecraft:cobblestone":88,"minecraft:sugar_cane":27,"minecraft:oak_planks":38,"minecraft:blue_bed":1,"minecraft:wall_torch":3,"minecraft:white_terracotta":12,"minecraft:wheat":30,"minecraft:birch_log":5,"minecraft:birch_leaves":1,"minecraft:stripped_oak_wood":1,"minecraft:yellow_bed":8,"minecraft:grass":17,"minecraft:oak_log":259,"minecraft:beetroots":1,"minecraft:sand":14,"minecraft:dirt":24,"minecraft:stonecutter":1,"minecraft:netherrack":102,"minecraft:oak_leaves":12},"minecraft:dropped":{"minecraft:iron_ingot":1,"minecraft:iron_sword":1,"minecraft:wheat_seeds":23,"minecraft:cooked_beef":1,"minecraft:mossy_cobblestone":2,"minecraft:prismarine_crystals":1,"minecraft:book":4,"minecraft:stick":4,"minecraft:emerald":16,"minecraft:dirt":14,"minecraft:iron_axe":1,"minecraft:sand":1,"minecraft:iron_pickaxe":1,"minecraft:kelp":1,"minecraft:sugar_cane":6,"minecraft:oak_trapdoor":4,"minecraft:cobbled_deepslate":1,"minecraft:cobblestone_wall":2,"minecraft:wheat":3,"minecraft:rotten_flesh":1,"minecraft:oak_planks":1,"minecraft:white_terracotta":2,"minecraft:carrot":1,"minecraft:filled_map":6,"minecraft:leather_chestplate":1,"minecraft:oak_boat":1,"minecraft:leather_leggings":3,"minecraft:netherrack":67}},"DataVersion":3465}