{"stats":{"minecraft:killed_by":{"minecraft:skeleton":1,"minecraft:creeper":1,"minecraft:zombie":1},"minecraft:killed":{"minecraft:sheep":1,"minecraft:pig":5},"minecraft:crafted":{"minecraft:oak_door":3,"minecraft:oak_boat":1,"minecraft:oak_planks":16,"minecraft:iron_boots":1,"minecraft:iron_chestplate":1,"minecraft:crafting_table":1,"minecraft:stick":8,"minecraft:iron_pickaxe":1,"minecraft:iron_sword":1,"minecraft:iron_leggings":1},"minecraft:picked_up":{"minecraft:raw_iron":4,"minecraft:crafting_table":1,"minecraft:cooked_beef":16,"minecraft:oak_door":3,"minecraft:cooked_porkchop":4,"minecraft:gold_block":1,"minecraft:porkchop":9,"minecraft:sand":1,"minecraft:oak_log":4,"minecraft:dirt":32,"minecraft:string":2,"minecraft:wheat_seeds":4,"minecraft:iron_ingot":49,"minecraft:gray_wool":1,"minecraft:iron_sword":1,"minecraft:mutton":5,"minecraft:oak_planks":18,"minecraft:white_wool":2,"minecraft:ender_pearl":1},"minecraft:custom":{"minecraft:time_since_rest":17216,"minecraft:sprint_one_cm":80559,"minecraft:damage_taken":1800,"minecraft:walk_one_cm":64367,"minecraft:mob_kills":6,"minecraft:drop":4,"minecraft:damage_dealt":672,"minecraft:swim_one_cm":70050,"minecraft:interact_with_crafting_table":5,"minecraft:fly_one_cm":82866,"minecraft:open_chest":2,"minecraft:crouch_one_cm":98,"minecraft:play_time":26229,"minecraft:deaths":4,"minecraft:sneak_time":165,"minecraft:walk_under_water_one_cm":6333,"minecraft:boat_one_cm":90000,"minecraft:jump":589,"minecraft:walk_on_water_one_cm":7565,"minecraft:time_since_death":17164,"minecraft:total_world_time":26229,"minecraft:fall_one_cm":18768},"minecraft:used":{"minecraft:iron_pickaxe":4,"minecraft:iron_sword":18,"minecraft:oak_door":5,"minecraft:dirt":21,"minecraft:crafting_table":1,"minecraft:cooked_porkchop":4,"minecraft:oak_boat":1,"minecraft:cooked_beef":4},"minecraft:mined":{"minecraft:oak_door":3,"minecraft:crafting_table":1,"minecraft:grass":3,"minecraft:grass_block":13,"minecraft:deepslate_iron_ore":4,"minecraft:sand":1,"minecraft:dirt":12,"minecraft:tall_grass":2,"minecraft:oak_leaves":1},"minecraft:dropped":{"minecraft:iron_ingot":1,"minecraft:iron_sword":1,"minecraft:dirt":2}},"DataVersion":3465}