{"stats":{"minecraft:broken":{"minecraft:iron_shovel":1,"minecraft:stone_hoe":1,"minecraft:iron_axe":2,"minecraft:stone_axe":1},"minecraft:custom":{"minecraft:interact_with_smithing_table":4,"minecraft:interact_with_anvil":8,"minecraft:mob_kills":48,"minecraft:interact_with_crafting_table":104,"minecraft:bell_ring":113,"minecraft:leave_game":3,"minecraft:time_since_death":405068,"minecraft:climb_one_cm":552,"minecraft:sprint_one_cm":673442,"minecraft:walk_one_cm":1659549,"minecraft:drop":339,"minecraft:talked_to_villager":240,"minecraft:raid_win":1,"minecraft:play_time":466881,"minecraft:sneak_time":43316,"minecraft:deaths":5,"minecraft:walk_under_water_one_cm":143604,"minecraft:boat_one_cm":1026163,"minecraft:jump":4105,"minecraft:walk_on_water_one_cm":230468,"minecraft:total_world_time":466881,"minecraft:interact_with_furnace":66,"minecraft:traded_with_villager":155,"minecraft:interact_with_stonecutter":9,"minecraft:sleep_in_bed":26,"minecraft:time_since_rest":81321,"minecraft:damage_taken":6218,"minecraft:damage_dealt":8335,"minecraft:swim_one_cm":180804,"minecraft:fly_one_cm":483592,"minecraft:open_chest":207,"minecraft:crouch_one_cm":212656,"minecraft:fall_one_cm":100989,"minecraft:horse_one_cm":2860},"minecraft:crafted":{"minecraft:oak_door":3,"minecraft:oak_planks":2668,"minecraft:cobblestone_slab":6,"minecraft:oak_sign":12,"minecraft:furnace":2,"minecraft:stone":233,"minecraft:bone_meal":3,"minecraft:bookshelf":10,"minecraft:oak_trapdoor":16,"minecraft:glass":171,"minecraft:stone_brick_slab":34,"minecraft:diamond_helmet":1,"minecraft:iron_boots":1,"minecraft:iron_axe":3,"minecraft:iron_hoe":1,"minecraft:chest":3,"minecraft:diamond_boots":1,"minecraft:stone_hoe":1,"minecraft:stone_bricks":17,"minecraft:oak_slab":126,"minecraft:diamond_sword":1,"minecraft:emerald":144,"minecraft:cooked_porkchop":8,"minecraft:crafting_table":4,"minecraft:enchanting_table":1,"minecraft:iron_sword":1,"minecraft:smithing_table":1,"minecraft:fletching_table":2,"minecraft:bucket":1,"minecraft:birch_planks":20,"minecraft:stone_axe":1,"minecraft:enchanted_book":5,"minecraft:bread":2,"minecraft:air":0,"minecraft:oak_boat":4,"minecraft:lectern":8,"minecraft:iron_chestplate":1,"minecraft:book":8,"minecraft:paper":54,"minecraft:diamond_pickaxe":1,"minecraft:stick":3952,"minecraft:iron_pickaxe":1,"minecraft:iron_shovel":1,"minecraft:iron_leggings":1,"minecraft:white_bed":2,"minecraft:composter":2,"minecraft:torch":16,"minecraft:diamond_chestplate":1},"minecraft:mined":{"minecraft:white_bed":25,"minecraft:mossy_cobblestone":2,"minecraft:oak_door":10,"minecraft:brewing_stand":2,"minecraft:grass_block":108,"minecraft:composter":7,"minecraft:kelp":5,"minecraft:oak_wall_sign":2,"minecraft:smooth_stone":2,"minecraft:oak_trapdoor":48,"minecraft:carrots":146,"minecraft:fire":23,"minecraft:cobbled_deepslate":20,"minecraft:fletching_table":7,"minecraft:gold_block":1,"minecraft:bell":1,"minecraft:bookshelf":7,"minecraft:potatoes":2,"minecraft:dirt_path":36,"minecraft:water_cauldron":4,"minecraft:cobblestone_slab":3,"minecraft:deepslate_iron_ore":4,"minecraft:oak_stairs":27,"minecraft:stripped_oak_log":18,"minecraft:stone":228,"minecraft:smithing_table":1,"minecraft:oak_slab":66,"minecraft:glass_pane":1,"minecraft:stone_brick_slab":6,"minecraft:oak_fence":7,"minecraft:clay":4,"minecraft:torch":4,"minecraft:crafting_table":3,"minecraft:chest":1,"minecraft:tall_grass":8,"minecraft:lectern":76,"minecraft:glass":1,"minecraft:cobblestone":183,"minecraft:damaged_anvil":1,"minecraft:oak_planks":107,"minecraft:sugar_cane":67,"minecraft:blue_bed":2,"minecraft:wall_torch":4,"minecraft:white_terracotta":13,"minecraft:birch_planks":7,"minecraft:birch_log":5,"minecraft:wheat":36,"minecraft:birch_leaves":1,"minecraft:stripped_oak_wood":1,"minecraft:bee_nest":1,"minecraft:yellow_bed":10,"minecraft:grass":21,"minecraft:coal_ore":25,"minecraft:oak_log":509,"minecraft:beetroots":1,"minecraft:sand":18,"minecraft:dirt":189,"minecraft:stone_bricks":32,"minecraft:stonecutter":2,"minecraft:netherrack":132,"minecraft:oak_leaves":37},"minecraft:killed":{"minecraft:vex":3,"minecraft:skeleton":4,"minecraft:guardian":1,"minecraft:drowned":1,"minecraft:pig":5,"minecraft:wandering_trader":1,"minecraft:creeper":3,"minecraft:sheep":4,"minecraft:trader_llama":1,"minecraft:pillager":5,"minecraft:zombie":7,"minecraft:villager":1,"minecraft:enderman":1,"minecraft:cow":7},"minecraft:killed_by":{"minecraft:creeper":2,"minecraft:skeleton":1,"minecraft:zombie":1},"minecraft:used":{"minecraft:oak_trapdoor":56,"minecraft:iron_shovel":251,"minecraft:flint_and_steel":23,"minecraft:enchanting_table":1,"minecraft:poppy":2,"minecraft:oak_sign":12,"minecraft:chest":4,"minecraft:white_terracotta":1,"minecraft:stone":4,"minecraft:iron_sword":85,"minecraft:cooked_salmon":2,"minecraft:bell":1,"minecraft:oak_door":15,"minecraft:stone_hoe":131,"minecraft:netherrack":365,"minecraft:torch":42,"minecraft:brewing_stand":2,"minecraft:dirt":372,"minecraft:mutton":5,"minecraft:carrot":200,"minecraft:golden_shovel":4,"minecraft:obsidian":1,"minecraft:glass":155,"minecraft:iron_hoe":47,"minecraft:stone_brick_slab":74,"minecraft:bookshelf":3,"minecraft:iron_axe":846,"minecraft:oak_stairs":11,"minecraft:stone_bricks":199,"minecraft:golden_carrot":2,"minecraft:bow":5,"minecraft:furnace":2,"minecraft:potato":38,"minecraft:cooked_beef":23,"minecraft:cobbled_deepslate":81,"minecraft:wheat_seeds":20,"minecraft:water_bucket":161,"minecraft:damaged_anvil":1,"minecraft:birch_planks":8,"minecraft:oak_planks":312,"minecraft:glass_bottle":2,"minecraft:netherite_chestplate":1,"minecraft:sugar_cane":34,"minecraft:blue_bed":2,"minecraft:composter":11,"minecraft:ender_pearl":1,"minecraft:fletching_table":9,"minecraft:cobblestone_slab":6,"minecraft:stonecutter":2,"minecraft:white_wool":1,"minecraft:oak_slab":151,"minecraft:mossy_cobblestone":1,"minecraft:sand":9,"minecraft:crafting_table":5,"minecraft:white_bed":31,"minecraft:cod":2,"minecraft:oak_log":25,"minecraft:diamond_pickaxe":433,"minecraft:iron_pickaxe":247,"minecraft:bread":10,"minecraft:lectern":87,"minecraft:stone_axe":143,"minecraft:diamond_sword":149,"minecraft:potion":2,"minecraft:cobblestone":168,"minecraft:porkchop":1,"minecraft:cooked_porkchop":24,"minecraft:smithing_table":2,"minecraft:bucket":162,"minecraft:oak_boat":36,"minecraft:yellow_bed":10,"minecraft:bone_meal":3,"minecraft:smooth_stone":1},"minecraft:dropped":{"minecraft:stone_hoe":1,"minecraft:iron_ingot":2,"minecraft:iron_sword":1,"minecraft:oak_slab":3,"minecraft:birch_planks":2,"minecraft:wheat_seeds":26,"minecraft:cooked_beef":1,"minecraft:oak_log":17,"minecraft:mossy_cobblestone":2,"minecraft:book":4,"minecraft:cobblestone":11,"minecraft:prismarine_crystals":1,"minecraft:emerald":16,"minecraft:stick":4,"minecraft:dirt":14,"minecraft:sand":1,"minecraft:iron_axe":1,"minecraft:iron_pickaxe":1,"minecraft:kelp":1,"minecraft:sugar_cane":6,"minecraft:oak_trapdoor":4,"minecraft:cobblestone_wall":2,"minecraft:cobbled_deepslate":3,"minecraft:wheat":32,"minecraft:rotten_flesh":16,"minecraft:oak_planks":721,"minecraft:white_terracotta":2,"minecraft:carrot":221,"minecraft:filled_map":6,"minecraft:diamond_sword":1,"minecraft:poppy":1,"minecraft:leather_chestplate":1,"minecraft:gunpowder":2,"minecraft:oak_boat":1,"minecraft:leather_leggings":3,"minecraft:netherrack":84},"minecraft:picked_up":{"minecraft:iron_chestplate":3,"minecraft:crafting_table":5,"minecraft:wheat":38,"minecraft:clay_ball":16,"minecraft:golden_pickaxe":2,"minecraft:smithing_table":1,"minecraft:lead":2,"minecraft:diamond_sword":1,"minecraft:oak_stairs":25,"minecraft:enchanted_book":6,"minecraft:gold_block":6,"minecraft:potion":2,"minecraft:golden_shovel":1,"minecraft:brewing_stand":2,"minecraft:oak_trapdoor":47,"minecraft:string":2,"minecraft:iron_axe":2,"minecraft:flint_and_steel":1,"minecraft:iron_leggings":1,"minecraft:netherite_scrap":2,"minecraft:oak_sign":2,"minecraft:beetroot":1,"minecraft:smooth_stone":2,"minecraft:gold_nugget":24,"minecraft:cobbled_deepslate":149,"minecraft:beef":14,"minecraft:oak_boat":33,"minecraft:cobblestone_slab":6,"minecraft:poppy":11,"minecraft:iron_pickaxe":3,"minecraft:lectern":79,"minecraft:sugar_cane":94,"minecraft:chest":1,"minecraft:iron_boots":3,"minecraft:egg":3,"minecraft:tipped_arrow":2,"minecraft:raw_iron":16,"minecraft:stick":10,"minecraft:oak_door":16,"minecraft:composter":9,"minecraft:oak_fence":8,"minecraft:torch":34,"minecraft:porkchop":42,"minecraft:carrot":500,"minecraft:prismarine_crystals":1,"minecraft:cauldron":4,"minecraft:arrow":11,"minecraft:rotten_flesh":27,"minecraft:beetroot_seeds":1,"minecraft:bookshelf":1,"minecraft:saddle":1,"minecraft:totem_of_undying":3,"minecraft:white_terracotta":14,"minecraft:mutton":25,"minecraft:obsidian":31,"minecraft:cod":3,"minecraft:white_wool":7,"minecraft:cobblestone":479,"minecraft:oxeye_daisy":1,"minecraft:stripped_oak_log":16,"minecraft:birch_log":5,"minecraft:cooked_beef":33,"minecraft:lapis_lazuli":1,"minecraft:leather":7,"minecraft:potato":33,"minecraft:birch_planks":18,"minecraft:filled_map":5,"minecraft:flint":5,"minecraft:oak_log":504,"minecraft:cobblestone_wall":4,"minecraft:yellow_bed":10,"minecraft:gunpowder":5,"minecraft:cobblestone_stairs":1,"minecraft:blue_bed":2,"minecraft:dirt":473,"minecraft:paper":9,"minecraft:bone":4,"minecraft:stone_bricks":31,"minecraft:kelp":5,"minecraft:bow":3,"minecraft:stonecutter":2,"minecraft:wheat_seeds":143,"minecraft:bell":1,"minecraft:heart_of_the_sea":1,"minecraft:iron_ingot":72,"minecraft:stripped_oak_wood":1,"minecraft:fletching_table":7,"minecraft:oak_planks":808,"minecraft:iron_sword":4,"minecraft:stone_hoe":1,"minecraft:book":38,"minecraft:oak_slab":82,"minecraft:cooked_porkchop":16,"minecraft:stone_brick_slab":5,"minecraft:dandelion":1,"minecraft:sand":305,"minecraft:white_bed":30,"minecraft:grass_block":1,"minecraft:spider_eye":7,"minecraft:mossy_cobblestone":3,"minecraft:diamond":35,"minecraft:gray_wool":2,"minecraft:emerald":31,"minecraft:bread":1,"minecraft:oak_sapling":1,"minecraft:damaged_anvil":1,"minecraft:netherrack":679,"minecraft:coal":155,"minecraft:ender_pearl":3}},"DataVersion":3465}