{"stats":{"minecraft:picked_up":{"minecraft:birch_log":5,"minecraft:crafting_table":3,"minecraft:iron_chestplate":3,"minecraft:cooked_beef":20,"minecraft:golden_pickaxe":2,"minecraft:birch_planks":16,"minecraft:filled_map":5,"minecraft:gold_block":6,"minecraft:potion":2,"minecraft:golden_shovel":1,"minecraft:oak_log":4,"minecraft:cobblestone_stairs":1,"minecraft:paper":9,"minecraft:string":2,"minecraft:dirt":73,"minecraft:flint_and_steel":1,"minecraft:iron_leggings":1,"minecraft:smooth_stone":1,"minecraft:bow":2,"minecraft:wheat_seeds":9,"minecraft:gold_nugget":24,"minecraft:cobbled_deepslate":129,"minecraft:heart_of_the_sea":1,"minecraft:iron_ingot":60,"minecraft:oak_boat":2,"minecraft:iron_pickaxe":3,"minecraft:lectern":1,"minecraft:sugar_cane":2,"minecraft:oak_planks":18,"minecraft:iron_sword":4,"minecraft:iron_boots":3,"minecraft:book":2,"minecraft:stick":5,"minecraft:raw_iron":16,"minecraft:oak_door":6,"minecraft:cooked_porkchop":4,"minecraft:torch":2,"minecraft:sand":16,"minecraft:porkchop":42,"minecraft:white_bed":3,"minecraft:carrot":10,"minecraft:cauldron":4,"minecraft:prismarine_crystals":1,"minecraft:mossy_cobblestone":2,"minecraft:arrow":2,"minecraft:rotten_flesh":1,"minecraft:diamond":1,"minecraft:gray_wool":2,"minecraft:netherrack":12,"minecraft:mutton":20,"minecraft:coal":2,"minecraft:white_wool":4,"minecraft:cobblestone":36,"minecraft:ender_pearl":2},"minecraft:used":{"minecraft:glass_bottle":2,"minecraft:iron_sword":35,"minecraft:cobblestone_slab":2,"minecraft:cooked_salmon":2,"minecraft:oak_door":8,"minecraft:white_wool":1,"minecraft:dirt":22,"minecraft:sand":8,"minecraft:crafting_table":3,"minecraft:carrot":4,"minecraft:white_bed":3,"minecraft:golden_shovel":4,"minecraft:iron_pickaxe":59,"minecraft:lectern":1,"minecraft:cobblestone":11,"minecraft:potion":2,"minecraft:cooked_porkchop":4,"minecraft:oak_boat":3,"minecraft:cooked_beef":10,"minecraft:cobbled_deepslate":26},"minecraft:crafted":{"minecraft:oak_door":3,"minecraft:oak_planks":16,"minecraft:cobblestone_slab":6,"minecraft:crafting_table":2,"minecraft:iron_sword":1,"minecraft:birch_planks":20,"minecraft:oak_boat":1,"minecraft:iron_boots":1,"minecraft:iron_chestplate":1,"minecraft:iron_axe":1,"minecraft:stick":8,"minecraft:iron_pickaxe":1,"minecraft:iron_leggings":1,"minecraft:white_bed":1},"minecraft:killed_by":{"minecraft:skeleton":1,"minecraft:creeper":2,"minecraft:zombie":1},"minecraft:custom":{"minecraft:mob_kills":9,"minecraft:interact_with_crafting_table":10,"minecraft:bell_ring":59,"minecraft:leave_game":1,"minecraft:time_since_death":10657,"minecraft:sleep_in_bed":3,"minecraft:time_since_rest":8976,"minecraft:sprint_one_cm":122030,"minecraft:damage_taken":2922,"minecraft:walk_one_cm":135178,"minecraft:drop":21,"minecraft:damage_dealt":1490,"minecraft:talked_to_villager":4,"minecraft:swim_one_cm":107162,"minecraft:fly_one_cm":125243,"minecraft:open_chest":14,"minecraft:crouch_one_cm":2214,"minecraft:play_time":72470,"minecraft:deaths":5,"minecraft:sneak_time":1165,"minecraft:walk_under_water_one_cm":53549,"minecraft:boat_one_cm":549916,"minecraft:jump":881,"minecraft:walk_on_water_one_cm":32946,"minecraft:total_world_time":72470,"minecraft:fall_one_cm":24555},"minecraft:killed":{"minecraft:pig":5,"minecraft:sheep":1,"minecraft:skeleton":1,"minecraft:guardian":1,"minecraft:drowned":1},"minecraft:mined":{"minecraft:white_bed":2,"minecraft:mossy_cobblestone":1,"minecraft:oak_door":3,"minecraft:crafting_table":2,"minecraft:grass_block":13,"minecraft:lectern":1,"minecraft:cobblestone":18,"minecraft:tall_grass":2,"minecraft:sugar_cane":1,"minecraft:smooth_stone":1,"minecraft:birch_log":5,"minecraft:cobbled_deepslate":1,"minecraft:birch_leaves":1,"minecraft:gold_block":1,"minecraft:grass":3,"minecraft:water_cauldron":4,"minecraft:deepslate_iron_ore":4,"minecraft:dirt":12,"minecraft:sand":8,"minecraft:stone":18,"minecraft:netherrack":11,"minecraft:oak_leaves":2},"minecraft:dropped":{"minecraft:iron_ingot":1,"minecraft:iron_sword":1,"minecraft:sugar_cane":2,"minecraft:wheat_seeds":8,"minecraft:cooked_beef":1,"minecraft:mossy_cobblestone":1,"minecraft:prismarine_crystals":1,"minecraft:carrot":1,"minecraft:stick":3,"minecraft:filled_map":6,"minecraft:leather_chestplate":1,"minecraft:dirt":2,"minecraft:leather_leggings":3}},"DataVersion":3465}