{"stats":{"minecraft:custom":{"minecraft:interact_with_crafting_table":127,"minecraft:bell_ring":113,"minecraft:leave_game":9,"minecraft:time_since_death":515449,"minecraft:sprint_one_cm":907312,"minecraft:drop":416,"minecraft:talked_to_villager":260,"minecraft:play_time":577262,"minecraft:deaths":5,"minecraft:jump":5452,"minecraft:walk_on_water_one_cm":317314,"minecraft:interact_with_furnace":67,"minecraft:traded_with_villager":178,"minecraft:sleep_in_bed":28,"minecraft:damage_dealt":13374,"minecraft:crouch_one_cm":234983,"minecraft:horse_one_cm":2860,"minecraft:interact_with_smithing_table":4,"minecraft:mob_kills":66,"minecraft:interact_with_anvil":8,"minecraft:climb_one_cm":552,"minecraft:walk_one_cm":2006872,"minecraft:raid_win":1,"minecraft:sneak_time":49257,"minecraft:walk_under_water_one_cm":210807,"minecraft:boat_one_cm":1064817,"minecraft:total_world_time":577262,"minecraft:interact_with_stonecutter":11,"minecraft:time_since_rest":87239,"minecraft:damage_taken":7914,"minecraft:damage_absorbed":78,"minecraft:minecart_one_cm":57714,"minecraft:swim_one_cm":233805,"minecraft:fly_one_cm":681267,"minecraft:open_chest":228,"minecraft:fall_one_cm":126843},"minecraft:broken":{"minecraft:iron_shovel":1,"minecraft:stone_axe":1,"minecraft:stone_hoe":1,"minecraft:iron_axe":3},"minecraft:crafted":{"minecraft:oak_planks":2692,"minecraft:cobblestone_slab":6,"minecraft:oak_sign":15,"minecraft:stone":275,"minecraft:bookshelf":19,"minecraft:glass":171,"minecraft:stone_brick_slab":34,"minecraft:diamond_helmet":1,"minecraft:iron_boots":1,"minecraft:chest":3,"minecraft:rail":64,"minecraft:stone_hoe":1,"minecraft:stone_bricks":17,"minecraft:oak_slab":126,"minecraft:emerald":149,"minecraft:cooked_porkchop":8,"minecraft:crafting_table":4,"minecraft:smithing_table":1,"minecraft:fletching_table":2,"minecraft:birch_planks":20,"minecraft:lectern":17,"minecraft:dark_oak_slab":42,"minecraft:iron_chestplate":1,"minecraft:book":14,"minecraft:paper":192,"minecraft:diamond_pickaxe":1,"minecraft:stick":4040,"minecraft:iron_pickaxe":1,"minecraft:redstone_torch":17,"minecraft:composter":2,"minecraft:oak_door":3,"minecraft:redstone":36,"minecraft:furnace":2,"minecraft:dark_oak_trapdoor":4,"minecraft:bone_meal":9,"minecraft:oak_trapdoor":16,"minecraft:iron_axe":3,"minecraft:iron_hoe":1,"minecraft:diamond_boots":1,"minecraft:dark_oak_planks":112,"minecraft:minecart":1,"minecraft:diamond_sword":1,"minecraft:enchanting_table":1,"minecraft:powered_rail":12,"minecraft:iron_sword":1,"minecraft:bucket":1,"minecraft:stone_axe":1,"minecraft:enchanted_book":5,"minecraft:bread":2,"minecraft:air":0,"minecraft:oak_boat":4,"minecraft:iron_shovel":1,"minecraft:iron_leggings":1,"minecraft:white_bed":2,"minecraft:torch":16,"minecraft:diamond_chestplate":1},"minecraft:mined":{"minecraft:dark_oak_planks":1,"minecraft:white_bed":28,"minecraft:brewing_stand":2,"minecraft:grass_block":108,"minecraft:composter":7,"minecraft:oak_wall_sign":2,"minecraft:smooth_stone":2,"minecraft:dark_oak_trapdoor":7,"minecraft:cobbled_deepslate":20,"minecraft:fire":23,"minecraft:fletching_table":7,"minecraft:water_cauldron":4,"minecraft:dirt_path":38,"minecraft:oak_stairs":30,"minecraft:clay":4,"minecraft:torch":8,"minecraft:chest":2,"minecraft:glass":5,"minecraft:cobblestone":193,"minecraft:sugar_cane":152,"minecraft:oak_planks":114,"minecraft:damaged_anvil":1,"minecraft:wall_torch":4,"minecraft:white_terracotta":13,"minecraft:powered_rail":5,"minecraft:dark_oak_slab":2,"minecraft:birch_log":5,"minecraft:wheat":36,"minecraft:stripped_oak_wood":1,"minecraft:grass":22,"minecraft:oak_log":511,"minecraft:beetroots":1,"minecraft:sand":18,"minecraft:dirt":214,"minecraft:stonecutter":2,"minecraft:netherrack":143,"minecraft:oak_leaves":37,"minecraft:mossy_cobblestone":2,"minecraft:oak_door":10,"minecraft:kelp":5,"minecraft:oak_trapdoor":53,"minecraft:carrots":241,"minecraft:gold_block":1,"minecraft:bell":1,"minecraft:bookshelf":7,"minecraft:potatoes":2,"minecraft:deepslate_iron_ore":4,"minecraft:cobblestone_slab":3,"minecraft:rail":18,"minecraft:stripped_oak_log":18,"minecraft:stone":228,"minecraft:redstone_wall_torch":3,"minecraft:smithing_table":1,"minecraft:oak_slab":66,"minecraft:glass_pane":1,"minecraft:stone_brick_slab":6,"minecraft:oak_fence":7,"minecraft:crafting_table":4,"minecraft:lectern":76,"minecraft:tall_grass":8,"minecraft:blue_bed":2,"minecraft:birch_planks":7,"minecraft:redstone_torch":2,"minecraft:birch_leaves":1,"minecraft:bee_nest":1,"minecraft:yellow_bed":10,"minecraft:coal_ore":25,"minecraft:stone_bricks":53},"minecraft:killed":{"minecraft:skeleton":5,"minecraft:guardian":1,"minecraft:pig":5,"minecraft:creeper":3,"minecraft:sheep":5,"minecraft:trader_llama":3,"minecraft:pillager":5,"minecraft:zombie":13,"minecraft:cow":7,"minecraft:vex":3,"minecraft:phantom":1,"minecraft:drowned":1,"minecraft:wandering_trader":2,"minecraft:villager":1,"minecraft:enderman":7},"minecraft:killed_by":{"minecraft:creeper":2,"minecraft:zombie":1,"minecraft:skeleton":1},"minecraft:used":{"minecraft:iron_shovel":251,"minecraft:poppy":2,"minecraft:oak_sign":14,"minecraft:chest":4,"minecraft:white_terracotta":1,"minecraft:stone":4,"minecraft:iron_sword":85,"minecraft:bell":1,"minecraft:rotten_flesh":11,"minecraft:mutton":7,"minecraft:carrot":541,"minecraft:obsidian":1,"minecraft:glass":172,"minecraft:grass_block":1,"minecraft:dark_oak_slab":6,"minecraft:stone_bricks":287,"minecraft:bow":7,"minecraft:furnace":2,"minecraft:potato":38,"minecraft:damaged_anvil":1,"minecraft:powered_rail":18,"minecraft:oak_planks":319,"minecraft:ender_pearl":1,"minecraft:composter":11,"minecraft:blue_bed":2,"minecraft:sugar_cane":37,"minecraft:white_wool":2,"minecraft:dark_oak_trapdoor":10,"minecraft:sand":9,"minecraft:redstone_torch":14,"minecraft:bread":10,"minecraft:lectern":88,"minecraft:diamond_sword":234,"minecraft:smithing_table":2,"minecraft:oak_boat":57,"minecraft:bone_meal":9,"minecraft:oak_trapdoor":64,"minecraft:enchanting_table":1,"minecraft:flint_and_steel":23,"minecraft:cooked_salmon":2,"minecraft:stone_hoe":131,"minecraft:netherrack":376,"minecraft:oak_door":15,"minecraft:torch":46,"minecraft:brewing_stand":2,"minecraft:dirt":457,"minecraft:golden_shovel":4,"minecraft:iron_hoe":47,"minecraft:stone_brick_slab":74,"minecraft:dark_oak_planks":7,"minecraft:bookshelf":3,"minecraft:iron_axe":879,"minecraft:oak_stairs":13,"minecraft:totem_of_undying":1,"minecraft:golden_carrot":2,"minecraft:minecart":18,"minecraft:cooked_beef":23,"minecraft:cobbled_deepslate":81,"minecraft:wheat_seeds":20,"minecraft:water_bucket":198,"minecraft:birch_planks":8,"minecraft:glass_bottle":2,"minecraft:netherite_chestplate":1,"minecraft:fletching_table":9,"minecraft:stonecutter":2,"minecraft:cobblestone_slab":6,"minecraft:mossy_cobblestone":1,"minecraft:rail":81,"minecraft:oak_slab":151,"minecraft:crafting_table":6,"minecraft:white_bed":34,"minecraft:cod":2,"minecraft:oak_log":25,"minecraft:diamond_pickaxe":498,"minecraft:iron_pickaxe":247,"minecraft:stone_axe":143,"minecraft:cobblestone":175,"minecraft:potion":2,"minecraft:porkchop":1,"minecraft:cooked_porkchop":24,"minecraft:bucket":198,"minecraft:yellow_bed":10,"minecraft:smooth_stone":1},"minecraft:dropped":{"minecraft:iron_sword":1,"minecraft:birch_planks":2,"minecraft:cooked_beef":1,"minecraft:oak_log":17,"minecraft:cod":1,"minecraft:emerald":16,"minecraft:dirt":27,"minecraft:dark_oak_trapdoor":1,"minecraft:sand":4,"minecraft:iron_pickaxe":1,"minecraft:sugar_cane":7,"minecraft:cobbled_deepslate":3,"minecraft:wheat":32,"minecraft:rotten_flesh":18,"minecraft:oak_planks":721,"minecraft:carrot":399,"minecraft:poppy":1,"minecraft:leather_chestplate":1,"minecraft:gunpowder":3,"minecraft:chest":1,"minecraft:leather_leggings":3,"minecraft:powered_rail":1,"minecraft:glass":1,"minecraft:netherrack":84,"minecraft:stone_hoe":1,"minecraft:iron_ingot":2,"minecraft:oak_slab":3,"minecraft:wheat_seeds":26,"minecraft:mossy_cobblestone":2,"minecraft:minecart":1,"minecraft:prismarine_crystals":1,"minecraft:feather":2,"minecraft:cobblestone":12,"minecraft:book":4,"minecraft:grass_block":1,"minecraft:stick":4,"minecraft:oak_stairs":1,"minecraft:iron_axe":1,"minecraft:paper":9,"minecraft:kelp":1,"minecraft:oak_trapdoor":5,"minecraft:cobblestone_wall":2,"minecraft:white_terracotta":2,"minecraft:filled_map":6,"minecraft:diamond_sword":3,"minecraft:potato":1,"minecraft:oak_sapling":2,"minecraft:oak_boat":1,"minecraft:redstone_torch":2,"minecraft:spider_eye":7,"minecraft:stone_bricks":2},"minecraft:picked_up":{"minecraft:iron_chestplate":3,"minecraft:wheat":38,"minecraft:anvil":1,"minecraft:smithing_table":1,"minecraft:lead":4,"minecraft:diamond_sword":3,"minecraft:oak_stairs":30,"minecraft:potion":2,"minecraft:enchanted_book":6,"minecraft:golden_shovel":1,"minecraft:brewing_stand":2,"minecraft:string":2,"minecraft:dark_oak_trapdoor":7,"minecraft:iron_leggings":1,"minecraft:oak_sign":2,"minecraft:beetroot":1,"minecraft:cobbled_deepslate":149,"minecraft:gold_nugget":24,"minecraft:smooth_stone":2,"minecraft:redstone_torch":5,"minecraft:cobblestone_slab":6,"minecraft:iron_pickaxe":3,"minecraft:iron_boots":3,"minecraft:tipped_arrow":2,"minecraft:stick":10,"minecraft:composter":9,"minecraft:oak_fence":8,"minecraft:torch":39,"minecraft:porkchop":42,"minecraft:cauldron":4,"minecraft:rotten_flesh":39,"minecraft:bookshelf":1,"minecraft:white_terracotta":14,"minecraft:obsidian":31,"minecraft:cod":4,"minecraft:cobblestone":487,"minecraft:birch_log":5,"minecraft:feather":2,"minecraft:cooked_beef":33,"minecraft:potato":34,"minecraft:flint":5,"minecraft:lapis_lazuli":1,"minecraft:dirt":502,"minecraft:glass":2,"minecraft:bone":4,"minecraft:stonecutter":2,"minecraft:bow":3,"minecraft:wheat_seeds":143,"minecraft:bell":1,"minecraft:fletching_table":7,"minecraft:powered_rail":7,"minecraft:stone_hoe":1,"minecraft:oak_planks":817,"minecraft:cooked_porkchop":16,"minecraft:sand":306,"minecraft:grass_block":3,"minecraft:mossy_cobblestone":3,"minecraft:clay":1,"minecraft:diamond":35,"minecraft:emerald":116,"minecraft:bread":1,"minecraft:oak_sapling":3,"minecraft:netherrack":690,"minecraft:crafting_table":6,"minecraft:clay_ball":16,"minecraft:golden_pickaxe":2,"minecraft:gold_block":6,"minecraft:oak_trapdoor":53,"minecraft:flint_and_steel":1,"minecraft:iron_axe":2,"minecraft:netherite_scrap":2,"minecraft:beef":14,"minecraft:oak_boat":55,"minecraft:lectern":79,"minecraft:poppy":11,"minecraft:minecart":18,"minecraft:sugar_cane":247,"minecraft:chest":2,"minecraft:phantom_membrane":1,"minecraft:egg":3,"minecraft:raw_iron":16,"minecraft:oak_door":16,"minecraft:trident":1,"minecraft:carrot":860,"minecraft:prismarine_crystals":1,"minecraft:dark_oak_planks":1,"minecraft:arrow":14,"minecraft:beetroot_seeds":1,"minecraft:saddle":1,"minecraft:totem_of_undying":3,"minecraft:mutton":27,"minecraft:white_wool":8,"minecraft:rail":22,"minecraft:oxeye_daisy":1,"minecraft:stripped_oak_log":16,"minecraft:leather":13,"minecraft:filled_map":5,"minecraft:birch_planks":18,"minecraft:oak_log":506,"minecraft:gunpowder":5,"minecraft:yellow_bed":10,"minecraft:cobblestone_wall":4,"minecraft:cobblestone_stairs":1,"minecraft:blue_bed":2,"minecraft:paper":15,"minecraft:stone_bricks":53,"minecraft:kelp":5,"minecraft:heart_of_the_sea":1,"minecraft:iron_ingot":73,"minecraft:stripped_oak_wood":1,"minecraft:iron_sword":4,"minecraft:book":38,"minecraft:oak_slab":82,"minecraft:dark_oak_slab":3,"minecraft:stone_brick_slab":5,"minecraft:dandelion":1,"minecraft:white_bed":33,"minecraft:spider_eye":14,"minecraft:gray_wool":2,"minecraft:damaged_anvil":1,"minecraft:coal":155,"minecraft:ender_pearl":16}},"DataVersion":3465}