{"stats":{"minecraft:picked_up":{"minecraft:birch_log":5,"minecraft:crafting_table":4,"minecraft:iron_chestplate":3,"minecraft:cooked_beef":20,"minecraft:golden_pickaxe":2,"minecraft:birch_planks":16,"minecraft:filled_map":5,"minecraft:gold_block":6,"minecraft:potion":2,"minecraft:golden_shovel":1,"minecraft:flint":5,"minecraft:oak_log":7,"minecraft:gunpowder":2,"minecraft:yellow_bed":2,"minecraft:cobblestone_wall":2,"minecraft:cobblestone_stairs":1,"minecraft:paper":9,"minecraft:string":2,"minecraft:dirt":74,"minecraft:flint_and_steel":1,"minecraft:iron_leggings":1,"minecraft:smooth_stone":1,"minecraft:bow":3,"minecraft:wheat_seeds":24,"minecraft:gold_nugget":24,"minecraft:cobbled_deepslate":130,"minecraft:heart_of_the_sea":1,"minecraft:iron_ingot":60,"minecraft:oak_boat":2,"minecraft:iron_pickaxe":3,"minecraft:lectern":11,"minecraft:sugar_cane":2,"minecraft:oak_planks":19,"minecraft:iron_sword":4,"minecraft:iron_boots":3,"minecraft:book":2,"minecraft:stick":8,"minecraft:raw_iron":16,"minecraft:oak_door":6,"minecraft:cooked_porkchop":4,"minecraft:torch":2,"minecraft:sand":16,"minecraft:porkchop":42,"minecraft:white_bed":3,"minecraft:carrot":10,"minecraft:cauldron":4,"minecraft:prismarine_crystals":1,"minecraft:mossy_cobblestone":2,"minecraft:arrow":2,"minecraft:rotten_flesh":1,"minecraft:diamond":1,"minecraft:bookshelf":1,"minecraft:gray_wool":2,"minecraft:emerald":8,"minecraft:white_terracotta":2,"minecraft:netherrack":414,"minecraft:mutton":20,"minecraft:coal":2,"minecraft:white_wool":4,"minecraft:cobblestone":114,"minecraft:ender_pearl":2},"minecraft:used":{"minecraft:glass_bottle":2,"minecraft:iron_sword":39,"minecraft:fletching_table":1,"minecraft:cobblestone_slab":6,"minecraft:cooked_salmon":2,"minecraft:netherrack":1,"minecraft:oak_door":8,"minecraft:white_wool":1,"minecraft:dirt":46,"minecraft:sand":8,"minecraft:crafting_table":3,"minecraft:carrot":4,"minecraft:white_bed":3,"minecraft:golden_shovel":4,"minecraft:iron_axe":14,"minecraft:iron_pickaxe":77,"minecraft:lectern":11,"minecraft:cobblestone":19,"minecraft:potion":2,"minecraft:furnace":1,"minecraft:porkchop":1,"minecraft:cooked_porkchop":6,"minecraft:yellow_bed":1,"minecraft:oak_boat":3,"minecraft:cooked_beef":10,"minecraft:cobbled_deepslate":27,"minecraft:smooth_stone":1},"minecraft:crafted":{"minecraft:oak_door":3,"minecraft:oak_planks":28,"minecraft:cobblestone_slab":6,"minecraft:cooked_porkchop":8,"minecraft:crafting_table":3,"minecraft:iron_sword":1,"minecraft:furnace":1,"minecraft:fletching_table":1,"minecraft:birch_planks":20,"minecraft:oak_boat":1,"minecraft:book":1,"minecraft:iron_boots":1,"minecraft:iron_chestplate":1,"minecraft:iron_axe":1,"minecraft:stick":8,"minecraft:iron_pickaxe":1,"minecraft:iron_leggings":1,"minecraft:white_bed":1},"minecraft:killed_by":{"minecraft:skeleton":1,"minecraft:creeper":2,"minecraft:zombie":1},"minecraft:custom":{"minecraft:interact_with_furnace":2,"minecraft:mob_kills":10,"minecraft:interact_with_crafting_table":15,"minecraft:bell_ring":59,"minecraft:leave_game":1,"minecraft:time_since_death":22657,"minecraft:sleep_in_bed":4,"minecraft:time_since_rest":4000,"minecraft:sprint_one_cm":146574,"minecraft:damage_taken":3030,"minecraft:walk_one_cm":179147,"minecraft:drop":49,"minecraft:damage_dealt":1690,"minecraft:talked_to_villager":22,"minecraft:swim_one_cm":107607,"minecraft:fly_one_cm":148451,"minecraft:open_chest":17,"minecraft:crouch_one_cm":9307,"minecraft:play_time":84470,"minecraft:deaths":5,"minecraft:sneak_time":2568,"minecraft:walk_under_water_one_cm":53889,"minecraft:boat_one_cm":549916,"minecraft:jump":1016,"minecraft:walk_on_water_one_cm":33772,"minecraft:total_world_time":84470,"minecraft:fall_one_cm":26552},"minecraft:killed":{"minecraft:pig":5,"minecraft:creeper":1,"minecraft:sheep":1,"minecraft:skeleton":1,"minecraft:guardian":1,"minecraft:drowned":1},"minecraft:mined":{"minecraft:white_bed":2,"minecraft:mossy_cobblestone":1,"minecraft:oak_door":3,"minecraft:crafting_table":2,"minecraft:grass_block":13,"minecraft:lectern":11,"minecraft:cobblestone":31,"minecraft:tall_grass":2,"minecraft:oak_planks":1,"minecraft:sugar_cane":1,"minecraft:white_terracotta":2,"minecraft:smooth_stone":1,"minecraft:birch_log":5,"minecraft:cobbled_deepslate":2,"minecraft:birch_leaves":1,"minecraft:yellow_bed":2,"minecraft:gold_block":1,"minecraft:grass":3,"minecraft:oak_log":3,"minecraft:water_cauldron":4,"minecraft:deepslate_iron_ore":4,"minecraft:dirt":13,"minecraft:sand":8,"minecraft:stone":18,"minecraft:netherrack":12,"minecraft:oak_leaves":2},"minecraft:dropped":{"minecraft:iron_ingot":1,"minecraft:iron_sword":1,"minecraft:sugar_cane":2,"minecraft:wheat_seeds":23,"minecraft:cooked_beef":1,"minecraft:mossy_cobblestone":1,"minecraft:book":1,"minecraft:prismarine_crystals":1,"minecraft:carrot":1,"minecraft:stick":4,"minecraft:emerald":16,"minecraft:filled_map":6,"minecraft:leather_chestplate":1,"minecraft:dirt":10,"minecraft:leather_leggings":3,"minecraft:netherrack":64}},"DataVersion":3465}