{"stats":{"minecraft:picked_up":{"minecraft:iron_chestplate":1,"minecraft:crafting_table":1,"minecraft:raw_iron":8,"minecraft:cooked_beef":19,"minecraft:cooked_porkchop":4,"minecraft:oak_door":4,"minecraft:gold_block":2,"minecraft:porkchop":21,"minecraft:sand":2,"minecraft:oak_log":4,"minecraft:prismarine_crystals":1,"minecraft:dirt":41,"minecraft:string":2,"minecraft:wheat_seeds":8,"minecraft:iron_ingot":49,"minecraft:oak_boat":1,"minecraft:gray_wool":2,"minecraft:iron_pickaxe":1,"minecraft:iron_sword":2,"minecraft:mutton":10,"minecraft:oak_planks":18,"minecraft:coal":1,"minecraft:white_wool":4,"minecraft:iron_boots":1,"minecraft:ender_pearl":1},"minecraft:used":{"minecraft:iron_pickaxe":4,"minecraft:iron_sword":29,"minecraft:oak_door":5,"minecraft:dirt":21,"minecraft:crafting_table":1,"minecraft:cooked_porkchop":4,"minecraft:oak_boat":2,"minecraft:cooked_beef":8},"minecraft:crafted":{"minecraft:oak_door":3,"minecraft:oak_boat":1,"minecraft:oak_planks":16,"minecraft:iron_boots":1,"minecraft:iron_chestplate":1,"minecraft:crafting_table":1,"minecraft:stick":8,"minecraft:iron_pickaxe":1,"minecraft:iron_sword":1,"minecraft:iron_leggings":1},"minecraft:killed_by":{"minecraft:skeleton":1,"minecraft:creeper":1,"minecraft:zombie":1},"minecraft:custom":{"minecraft:time_since_rest":21192,"minecraft:damage_taken":2288,"minecraft:sprint_one_cm":81107,"minecraft:walk_one_cm":66720,"minecraft:mob_kills":8,"minecraft:drop":4,"minecraft:damage_dealt":1231,"minecraft:swim_one_cm":82210,"minecraft:interact_with_crafting_table":5,"minecraft:fly_one_cm":83347,"minecraft:open_chest":2,"minecraft:crouch_one_cm":98,"minecraft:play_time":30205,"minecraft:deaths":4,"minecraft:sneak_time":214,"minecraft:walk_under_water_one_cm":18461,"minecraft:boat_one_cm":119212,"minecraft:jump":602,"minecraft:time_since_death":21140,"minecraft:walk_on_water_one_cm":16132,"minecraft:total_world_time":30205,"minecraft:fall_one_cm":19103},"minecraft:killed":{"minecraft:sheep":1,"minecraft:guardian":1,"minecraft:pig":5,"minecraft:drowned":1},"minecraft:mined":{"minecraft:oak_door":3,"minecraft:crafting_table":1,"minecraft:grass":3,"minecraft:grass_block":13,"minecraft:deepslate_iron_ore":4,"minecraft:sand":1,"minecraft:dirt":12,"minecraft:tall_grass":2,"minecraft:oak_leaves":1},"minecraft:dropped":{"minecraft:iron_ingot":1,"minecraft:iron_sword":1,"minecraft:dirt":2}},"DataVersion":3465}