{"stats":{"minecraft:custom":{"minecraft:interact_with_crafting_table":154,"minecraft:open_shulker_box":18,"minecraft:bell_ring":119,"minecraft:leave_game":21,"minecraft:time_since_death":91527,"minecraft:sprint_one_cm":1458637,"minecraft:drop":532,"minecraft:talked_to_villager":339,"minecraft:play_time":944969,"minecraft:deaths":7,"minecraft:jump":8906,"minecraft:interact_with_brewingstand":1,"minecraft:walk_on_water_one_cm":522433,"minecraft:interact_with_furnace":68,"minecraft:traded_with_villager":250,"minecraft:sleep_in_bed":36,"minecraft:damage_dealt":35722,"minecraft:crouch_one_cm":289517,"minecraft:horse_one_cm":2860,"minecraft:interact_with_smithing_table":14,"minecraft:interact_with_anvil":44,"minecraft:mob_kills":206,"minecraft:climb_one_cm":5018,"minecraft:walk_one_cm":2804715,"minecraft:raid_win":1,"minecraft:sneak_time":60457,"minecraft:walk_under_water_one_cm":480038,"minecraft:boat_one_cm":1652364,"minecraft:total_world_time":944969,"minecraft:raid_trigger":1,"minecraft:interact_with_stonecutter":11,"minecraft:time_since_rest":20982,"minecraft:damage_absorbed":105,"minecraft:damage_taken":14677,"minecraft:minecart_one_cm":57714,"minecraft:swim_one_cm":388467,"minecraft:fly_one_cm":1617421,"minecraft:open_chest":394,"minecraft:aviate_one_cm":6441555,"minecraft:fall_one_cm":241853},"minecraft:broken":{"minecraft:iron_shovel":1,"minecraft:stone_axe":1,"minecraft:stone_hoe":1,"minecraft:iron_axe":4},"minecraft:crafted":{"minecraft:grindstone":1,"minecraft:oak_planks":2692,"minecraft:cobblestone_slab":6,"minecraft:oak_sign":15,"minecraft:blaze_powder":28,"minecraft:stone":288,"minecraft:bookshelf":22,"minecraft:shulker_box":3,"minecraft:glass":171,"minecraft:stone_brick_slab":34,"minecraft:diamond_helmet":2,"minecraft:iron_boots":1,"minecraft:chest":7,"minecraft:rail":64,"minecraft:stone_hoe":1,"minecraft:ender_eye":22,"minecraft:stone_bricks":17,"minecraft:oak_slab":126,"minecraft:emerald":215,"minecraft:cooked_porkchop":8,"minecraft:diamond_axe":1,"minecraft:crafting_table":7,"minecraft:smithing_table":1,"minecraft:fletching_table":2,"minecraft:birch_planks":20,"minecraft:lectern":17,"minecraft:dark_oak_slab":42,"minecraft:iron_chestplate":1,"minecraft:book":14,"minecraft:paper":192,"minecraft:diamond_pickaxe":1,"minecraft:stone_slab":6,"minecraft:stick":6024,"minecraft:iron_pickaxe":1,"minecraft:redstone_torch":17,"minecraft:composter":2,"minecraft:oak_door":3,"minecraft:redstone":36,"minecraft:furnace":2,"minecraft:dark_oak_trapdoor":6,"minecraft:bone_meal":9,"minecraft:oak_trapdoor":16,"minecraft:iron_axe":3,"minecraft:iron_hoe":1,"minecraft:diamond_boots":1,"minecraft:dark_oak_planks":1780,"minecraft:minecart":1,"minecraft:diamond_sword":1,"minecraft:enchanting_table":1,"minecraft:powered_rail":12,"minecraft:iron_sword":1,"minecraft:bucket":1,"minecraft:dark_oak_button":17,"minecraft:stone_axe":1,"minecraft:enchanted_book":9,"minecraft:bread":2,"minecraft:air":0,"minecraft:oak_boat":4,"minecraft:iron_shovel":1,"minecraft:iron_leggings":1,"minecraft:white_bed":2,"minecraft:torch":16,"minecraft:diamond_chestplate":1,"minecraft:firework_rocket":975},"minecraft:mined":{"minecraft:dark_oak_planks":39,"minecraft:dragon_wall_head":1,"minecraft:white_bed":30,"minecraft:brewing_stand":3,"minecraft:grass_block":116,"minecraft:bubble_coral_fan":1,"minecraft:bubble_coral_block":1,"minecraft:composter":11,"minecraft:oak_wall_sign":2,"minecraft:smooth_stone":2,"minecraft:dark_oak_trapdoor":7,"minecraft:fire":24,"minecraft:cobbled_deepslate":28,"minecraft:anvil":1,"minecraft:deepslate_lapis_ore":1,"minecraft:fletching_table":17,"minecraft:water_cauldron":4,"minecraft:dirt_path":41,"minecraft:oak_stairs":30,"minecraft:green_bed":3,"minecraft:cut_sandstone":8,"minecraft:smoker":1,"minecraft:purpur_stairs":2,"minecraft:clay":4,"minecraft:torch":10,"minecraft:poppy":1,"minecraft:chest":2,"minecraft:glass":5,"minecraft:nether_quartz_ore":22,"minecraft:cobblestone":215,"minecraft:damaged_anvil":1,"minecraft:cyan_bed":2,"minecraft:oak_planks":119,"minecraft:grindstone":1,"minecraft:sugar_cane":152,"minecraft:smooth_sandstone_slab":1,"minecraft:wall_torch":5,"minecraft:white_terracotta":22,"minecraft:warped_nylium":12,"minecraft:blue_terracotta":1,"minecraft:powered_rail":5,"minecraft:dark_oak_slab":5,"minecraft:birch_log":8,"minecraft:wheat":36,"minecraft:stripped_oak_wood":1,"minecraft:tnt":2,"minecraft:purpur_block":7,"minecraft:grass":29,"minecraft:oak_log":511,"minecraft:beetroots":1,"minecraft:sand":28,"minecraft:dirt":242,"minecraft:sandstone_wall":5,"minecraft:stonecutter":3,"minecraft:netherrack":723,"minecraft:oak_leaves":41,"minecraft:deepslate":21,"minecraft:nether_gold_ore":1,"minecraft:pink_shulker_box":7,"minecraft:tuff":9,"minecraft:mossy_cobblestone":4,"minecraft:oak_door":10,"minecraft:dark_oak_log":8,"minecraft:end_stone":5,"minecraft:shulker_box":3,"minecraft:nether_bricks":15,"minecraft:kelp":7,"minecraft:sandstone":14,"minecraft:oak_trapdoor":53,"minecraft:carrots":247,"minecraft:andesite":31,"minecraft:gold_block":1,"minecraft:bell":1,"minecraft:bookshelf":13,"minecraft:potatoes":2,"minecraft:cobblestone_slab":3,"minecraft:deepslate_iron_ore":4,"minecraft:rail":18,"minecraft:stripped_oak_log":18,"minecraft:chorus_plant":1,"minecraft:stone":310,"minecraft:redstone_wall_torch":3,"minecraft:smithing_table":3,"minecraft:oak_slab":68,"minecraft:glass_pane":3,"minecraft:infested_stone_bricks":1,"minecraft:stone_brick_slab":6,"minecraft:oak_fence":7,"minecraft:smooth_sandstone":7,"minecraft:crafting_table":7,"minecraft:lectern":86,"minecraft:copper_ore":4,"minecraft:tall_grass":11,"minecraft:diorite":16,"minecraft:blue_bed":3,"minecraft:warped_wart_block":1,"minecraft:birch_planks":7,"minecraft:lime_bed":2,"minecraft:sea_pickle":1,"minecraft:redstone_torch":2,"minecraft:white_carpet":1,"minecraft:birch_leaves":5,"minecraft:bee_nest":1,"minecraft:yellow_bed":10,"minecraft:coal_ore":26,"minecraft:bubble_coral_wall_fan":1,"minecraft:gravel":6,"minecraft:cracked_stone_bricks":3,"minecraft:stone_bricks":77,"minecraft:mossy_stone_bricks":1,"minecraft:infested_stone":10},"minecraft:killed":{"minecraft:spider":1,"minecraft:shulker":8,"minecraft:skeleton":14,"minecraft:guardian":1,"minecraft:silverfish":34,"minecraft:camel":1,"minecraft:cat":1,"minecraft:piglin":2,"minecraft:pig":11,"minecraft:iron_golem":2,"minecraft:creeper":8,"minecraft:sheep":5,"minecraft:trader_llama":3,"minecraft:pillager":15,"minecraft:zombie":19,"minecraft:cow":11,"minecraft:vex":3,"minecraft:vindicator":2,"minecraft:phantom":2,"minecraft:drowned":2,"minecraft:wandering_trader":2,"minecraft:wither_skeleton":5,"minecraft:villager":22,"minecraft:enderman":14},"minecraft:killed_by":{"minecraft:creeper":2,"minecraft:zombie":1,"minecraft:player":1,"minecraft:skeleton":1},"minecraft:used":{"minecraft:iron_shovel":251,"minecraft:poppy":2,"minecraft:oak_sign":14,"minecraft:chest":5,"minecraft:white_terracotta":2,"minecraft:stone":4,"minecraft:iron_sword":85,"minecraft:bell":1,"minecraft:rotten_flesh":11,"minecraft:mutton":7,"minecraft:nether_bricks":2,"minecraft:carrot":560,"minecraft:obsidian":1,"minecraft:glass":172,"minecraft:grass_block":1,"minecraft:dark_oak_slab":12,"minecraft:stone_bricks":287,"minecraft:bow":143,"minecraft:furnace":2,"minecraft:potato":38,"minecraft:dragon_head":1,"minecraft:damaged_anvil":1,"minecraft:infested_stone":64,"minecraft:oak_planks":319,"minecraft:powered_rail":18,"minecraft:ender_pearl":18,"minecraft:composter":11,"minecraft:diamond_axe":45,"minecraft:blue_bed":3,"minecraft:sugar_cane":37,"minecraft:white_wool":2,"minecraft:dark_oak_trapdoor":11,"minecraft:sand":9,"minecraft:netherite_leggings":1,"minecraft:redstone_torch":14,"minecraft:firework_rocket":87,"minecraft:dark_oak_log":35,"minecraft:bread":10,"minecraft:lectern":103,"minecraft:gravel":2,"minecraft:diamond_sword":248,"minecraft:grindstone":2,"minecraft:smithing_table":3,"minecraft:andesite":27,"minecraft:oak_boat":63,"minecraft:bone_meal":9,"minecraft:oak_trapdoor":64,"minecraft:trident":86,"minecraft:netherite_sword":319,"minecraft:enchanting_table":1,"minecraft:flint_and_steel":24,"minecraft:cooked_salmon":2,"minecraft:stone_hoe":131,"minecraft:netherrack":627,"minecraft:oak_door":15,"minecraft:torch":48,"minecraft:dragon_egg":1,"minecraft:brewing_stand":2,"minecraft:dirt":457,"minecraft:anvil":5,"minecraft:shulker_box":3,"minecraft:golden_shovel":4,"minecraft:granite":4,"minecraft:iron_hoe":47,"minecraft:stone_brick_slab":74,"minecraft:dark_oak_planks":625,"minecraft:bookshelf":5,"minecraft:iron_axe":926,"minecraft:oak_stairs":13,"minecraft:totem_of_undying":4,"minecraft:golden_carrot":6,"minecraft:netherite_pickaxe":811,"minecraft:minecart":18,"minecraft:cooked_beef":50,"minecraft:dead_bubble_coral_block":1,"minecraft:cobbled_deepslate":89,"minecraft:wheat_seeds":20,"minecraft:water_bucket":251,"minecraft:birch_planks":8,"minecraft:glass_bottle":3,"minecraft:netherite_chestplate":2,"minecraft:cobblestone_slab":6,"minecraft:fletching_table":15,"minecraft:stonecutter":2,"minecraft:mossy_cobblestone":1,"minecraft:rail":82,"minecraft:tnt":2,"minecraft:crafting_table":10,"minecraft:oak_slab":151,"minecraft:white_bed":36,"minecraft:cod":2,"minecraft:oak_log":25,"minecraft:ender_eye":26,"minecraft:diamond_pickaxe":661,"minecraft:iron_pickaxe":247,"minecraft:netherite_axe":6,"minecraft:stone_axe":143,"minecraft:cobblestone":209,"minecraft:potion":3,"minecraft:porkchop":1,"minecraft:cooked_porkchop":55,"minecraft:pink_shulker_box":9,"minecraft:bucket":252,"minecraft:pumpkin_pie":4,"minecraft:yellow_bed":10,"minecraft:smooth_stone":1},"minecraft:dropped":{"minecraft:clay":1,"minecraft:iron_sword":1,"minecraft:birch_planks":2,"minecraft:diamond_axe":1,"minecraft:cooked_beef":1,"minecraft:oak_log":17,"minecraft:ender_pearl":4,"minecraft:diamond":3,"minecraft:crafting_table":1,"minecraft:dark_oak_slab":3,"minecraft:purpur_stairs":2,"minecraft:elytra":1,"minecraft:cod":1,"minecraft:emerald":49,"minecraft:dirt":44,"minecraft:jungle_button":1,"minecraft:dark_oak_trapdoor":1,"minecraft:cut_sandstone":8,"minecraft:netherite_boots":1,"minecraft:phantom_membrane":1,"minecraft:sand":9,"minecraft:iron_pickaxe":1,"minecraft:birch_log":1,"minecraft:gravel":1,"minecraft:purpur_block":10,"minecraft:sugar_cane":17,"minecraft:cobbled_deepslate":3,"minecraft:netherite_sword":5,"minecraft:wheat":32,"minecraft:rotten_flesh":18,"minecraft:oak_planks":722,"minecraft:end_stone":7,"minecraft:carrot":399,"minecraft:poppy":3,"minecraft:leather_chestplate":1,"minecraft:gunpowder":3,"minecraft:trident":2,"minecraft:chest":1,"minecraft:leather_leggings":3,"minecraft:powered_rail":1,"minecraft:glass":1,"minecraft:netherrack":124,"minecraft:egg":1,"minecraft:firework_rocket":769,"minecraft:enchanted_book":6,"minecraft:stone_hoe":1,"minecraft:iron_ingot":7,"minecraft:oak_slab":3,"minecraft:wheat_seeds":26,"minecraft:mossy_cobblestone":2,"minecraft:minecart":1,"minecraft:bookshelf":2,"minecraft:netherite_chestplate":2,"minecraft:book":14,"minecraft:feather":2,"minecraft:cobblestone":108,"minecraft:prismarine_crystals":1,"minecraft:grass_block":1,"minecraft:coal":1,"minecraft:stick":4,"minecraft:diorite":16,"minecraft:diamond_helmet":2,"minecraft:oak_stairs":1,"minecraft:iron_axe":1,"minecraft:paper":9,"minecraft:string":1,"minecraft:anvil":1,"minecraft:kelp":2,"minecraft:oak_trapdoor":5,"minecraft:netherite_ingot":1,"minecraft:blaze_rod":1,"minecraft:cobblestone_wall":2,"minecraft:raw_copper":13,"minecraft:dead_bubble_coral_block":1,"minecraft:ender_eye":1,"minecraft:white_terracotta":10,"minecraft:netherite_leggings":3,"minecraft:filled_map":8,"minecraft:diamond_sword":5,"minecraft:potato":1,"minecraft:stone":2,"minecraft:andesite":4,"minecraft:pink_shulker_box":1,"minecraft:oak_sapling":2,"minecraft:oak_boat":1,"minecraft:infested_stone":64,"minecraft:redstone_torch":2,"minecraft:spider_eye":7,"minecraft:stone_bricks":2,"minecraft:diamond_boots":1,"minecraft:sandstone":18,"minecraft:bow":1},"minecraft:picked_up":{"minecraft:shulker_shell":6,"minecraft:iron_chestplate":3,"minecraft:wheat":38,"minecraft:anvil":2,"minecraft:smithing_table":3,"minecraft:lead":4,"minecraft:diamond_sword":5,"minecraft:oak_stairs":30,"minecraft:potion":2,"minecraft:enchanted_book":9,"minecraft:golden_shovel":1,"minecraft:brewing_stand":3,"minecraft:string":5,"minecraft:dark_oak_trapdoor":7,"minecraft:raw_copper":13,"minecraft:iron_leggings":1,"minecraft:netherite_ingot":3,"minecraft:pink_shulker_box":7,"minecraft:oak_sign":2,"minecraft:beetroot":1,"minecraft:sea_pickle":3,"minecraft:smooth_stone":2,"minecraft:gold_nugget":24,"minecraft:cobbled_deepslate":157,"minecraft:redstone_torch":5,"minecraft:cobblestone_slab":6,"minecraft:ender_eye":5,"minecraft:iron_pickaxe":3,"minecraft:iron_boots":3,"minecraft:tipped_arrow":2,"minecraft:stick":11,"minecraft:composter":13,"minecraft:brown_terracotta":2,"minecraft:oak_fence":8,"minecraft:torch":42,"minecraft:green_bed":3,"minecraft:porkchop":42,"minecraft:sandstone_wall":1,"minecraft:diorite":16,"minecraft:cauldron":4,"minecraft:rotten_flesh":50,"minecraft:bookshelf":2,"minecraft:white_terracotta":25,"minecraft:netherite_chestplate":1,"minecraft:blaze_rod":29,"minecraft:obsidian":31,"minecraft:cod":4,"minecraft:cobblestone":622,"minecraft:birch_log":6,"minecraft:feather":2,"minecraft:cooked_beef":60,"minecraft:andesite":31,"minecraft:smoker":1,"minecraft:potato":34,"minecraft:flint":5,"minecraft:netherite_leggings":3,"minecraft:lapis_lazuli":1,"minecraft:dirt":532,"minecraft:glass":2,"minecraft:bone":50,"minecraft:bow":5,"minecraft:stonecutter":3,"minecraft:wheat_seeds":144,"minecraft:bell":1,"minecraft:grindstone":1,"minecraft:fletching_table":17,"minecraft:powered_rail":8,"minecraft:stone_hoe":1,"minecraft:oak_planks":829,"minecraft:cooked_porkchop":40,"minecraft:warped_wart_block":1,"minecraft:sand":316,"minecraft:grass_block":4,"minecraft:cyan_bed":2,"minecraft:dark_oak_log":24,"minecraft:shulker_box":3,"minecraft:mossy_cobblestone":5,"minecraft:clay":2,"minecraft:diamond":35,"minecraft:netherite_helmet":1,"minecraft:granite":34,"minecraft:emerald":157,"minecraft:golden_horse_armor":1,"minecraft:bread":1,"minecraft:oak_sapling":3,"minecraft:netherrack":1245,"minecraft:chorus_fruit":8,"minecraft:crafting_table":10,"minecraft:bubble_coral_fan":6,"minecraft:clay_ball":16,"minecraft:golden_pickaxe":2,"minecraft:pink_wool":1,"minecraft:gold_block":6,"minecraft:dragon_head":1,"minecraft:purpur_block":10,"minecraft:oak_trapdoor":53,"minecraft:elytra":2,"minecraft:iron_axe":2,"minecraft:flint_and_steel":1,"minecraft:netherite_scrap":2,"minecraft:white_carpet":1,"minecraft:netherite_sword":6,"minecraft:beef":14,"minecraft:oak_boat":61,"minecraft:poppy":17,"minecraft:minecart":18,"minecraft:lectern":90,"minecraft:sugar_cane":247,"minecraft:chest":2,"minecraft:phantom_membrane":3,"minecraft:egg":7,"minecraft:raw_iron":16,"minecraft:sandstone":18,"minecraft:end_stone":7,"minecraft:stone":4,"minecraft:oak_door":16,"minecraft:trident":3,"minecraft:carrot":883,"minecraft:netherite_pickaxe":2,"minecraft:prismarine_crystals":1,"minecraft:stone_pressure_plate":1,"minecraft:dark_oak_planks":120,"minecraft:smooth_sandstone_slab":1,"minecraft:arrow":24,"minecraft:beetroot_seeds":1,"minecraft:pumpkin_pie":4,"minecraft:tube_coral_fan":5,"minecraft:nether_bricks":14,"minecraft:saddle":1,"minecraft:totem_of_undying":3,"minecraft:mutton":27,"minecraft:rail":22,"minecraft:white_wool":8,"minecraft:oxeye_daisy":1,"minecraft:stripped_oak_log":16,"minecraft:netherite_boots":2,"minecraft:lime_bed":2,"minecraft:cut_sandstone":25,"minecraft:leather":23,"minecraft:filled_map":5,"minecraft:birch_planks":18,"minecraft:purpur_stairs":2,"minecraft:oak_log":506,"minecraft:jungle_button":2,"minecraft:cobblestone_wall":4,"minecraft:yellow_bed":10,"minecraft:gunpowder":16,"minecraft:cobblestone_stairs":1,"minecraft:blue_bed":3,"minecraft:paper":15,"minecraft:white_banner":1,"minecraft:orange_terracotta":2,"minecraft:cooked_mutton":11,"minecraft:smooth_sandstone":6,"minecraft:stone_bricks":67,"minecraft:kelp":7,"minecraft:heart_of_the_sea":1,"minecraft:iron_ingot":81,"minecraft:stone_pickaxe":1,"minecraft:stripped_oak_wood":1,"minecraft:glass_bottle":8,"minecraft:iron_sword":4,"minecraft:book":61,"minecraft:oak_slab":94,"minecraft:dark_oak_slab":9,"minecraft:stone_brick_slab":5,"minecraft:quartz":20,"minecraft:dandelion":1,"minecraft:gravel":4,"minecraft:white_bed":35,"minecraft:spider_eye":17,"minecraft:dragon_egg":1,"minecraft:firework_rocket":754,"minecraft:dead_bubble_coral_block":2,"minecraft:diamond_axe":1,"minecraft:gray_wool":2,"minecraft:warped_roots":2,"minecraft:damaged_anvil":1,"minecraft:warped_nylium":2,"minecraft:coal":173,"minecraft:ender_pearl":46}},"DataVersion":3465}