{"stats":{"minecraft:picked_up":{"minecraft:iron_chestplate":3,"minecraft:crafting_table":4,"minecraft:wheat":38,"minecraft:clay_ball":16,"minecraft:golden_pickaxe":2,"minecraft:lead":2,"minecraft:diamond_sword":1,"minecraft:oak_stairs":22,"minecraft:enchanted_book":6,"minecraft:gold_block":6,"minecraft:potion":2,"minecraft:golden_shovel":1,"minecraft:brewing_stand":1,"minecraft:oak_trapdoor":46,"minecraft:string":2,"minecraft:iron_axe":2,"minecraft:flint_and_steel":1,"minecraft:iron_leggings":1,"minecraft:netherite_scrap":2,"minecraft:oak_sign":2,"minecraft:beetroot":1,"minecraft:smooth_stone":2,"minecraft:gold_nugget":24,"minecraft:cobbled_deepslate":149,"minecraft:beef":14,"minecraft:oak_boat":27,"minecraft:cobblestone_slab":6,"minecraft:poppy":11,"minecraft:iron_pickaxe":3,"minecraft:lectern":79,"minecraft:sugar_cane":94,"minecraft:chest":1,"minecraft:iron_boots":3,"minecraft:egg":3,"minecraft:tipped_arrow":2,"minecraft:stick":10,"minecraft:raw_iron":16,"minecraft:oak_door":16,"minecraft:composter":7,"minecraft:oak_fence":8,"minecraft:torch":32,"minecraft:porkchop":42,"minecraft:carrot":489,"minecraft:prismarine_crystals":1,"minecraft:cauldron":4,"minecraft:arrow":5,"minecraft:rotten_flesh":26,"minecraft:beetroot_seeds":1,"minecraft:bookshelf":1,"minecraft:saddle":1,"minecraft:totem_of_undying":1,"minecraft:white_terracotta":13,"minecraft:obsidian":31,"minecraft:mutton":25,"minecraft:cod":3,"minecraft:white_wool":7,"minecraft:cobblestone":358,"minecraft:oxeye_daisy":1,"minecraft:stripped_oak_log":16,"minecraft:birch_log":5,"minecraft:cooked_beef":33,"minecraft:leather":7,"minecraft:potato":33,"minecraft:birch_planks":18,"minecraft:filled_map":5,"minecraft:flint":5,"minecraft:oak_log":479,"minecraft:cobblestone_wall":4,"minecraft:yellow_bed":8,"minecraft:gunpowder":5,"minecraft:cobblestone_stairs":1,"minecraft:blue_bed":1,"minecraft:dirt":454,"minecraft:paper":9,"minecraft:bone":2,"minecraft:stone_bricks":11,"minecraft:bow":3,"minecraft:kelp":5,"minecraft:stonecutter":1,"minecraft:wheat_seeds":143,"minecraft:bell":1,"minecraft:heart_of_the_sea":1,"minecraft:iron_ingot":72,"minecraft:stripped_oak_wood":1,"minecraft:iron_sword":4,"minecraft:stone_hoe":1,"minecraft:oak_planks":804,"minecraft:book":38,"minecraft:oak_slab":82,"minecraft:cooked_porkchop":16,"minecraft:stone_brick_slab":3,"minecraft:dandelion":1,"minecraft:sand":305,"minecraft:white_bed":23,"minecraft:grass_block":1,"minecraft:mossy_cobblestone":3,"minecraft:diamond":35,"minecraft:gray_wool":2,"minecraft:emerald":31,"minecraft:bread":1,"minecraft:oak_sapling":1,"minecraft:damaged_anvil":1,"minecraft:netherrack":679,"minecraft:coal":27,"minecraft:ender_pearl":3},"minecraft:used":{"minecraft:iron_shovel":251,"minecraft:oak_trapdoor":50,"minecraft:flint_and_steel":23,"minecraft:enchanting_table":1,"minecraft:poppy":2,"minecraft:oak_sign":12,"minecraft:chest":4,"minecraft:iron_sword":85,"minecraft:cooked_salmon":2,"minecraft:bell":1,"minecraft:oak_door":15,"minecraft:stone_hoe":51,"minecraft:netherrack":365,"minecraft:torch":40,"minecraft:brewing_stand":1,"minecraft:dirt":336,"minecraft:mutton":5,"minecraft:carrot":169,"minecraft:golden_shovel":4,"minecraft:obsidian":1,"minecraft:glass":64,"minecraft:stone_brick_slab":68,"minecraft:bookshelf":3,"minecraft:iron_axe":802,"minecraft:oak_stairs":11,"minecraft:stone_bricks":105,"minecraft:bow":5,"minecraft:furnace":2,"minecraft:potato":38,"minecraft:cooked_beef":23,"minecraft:cobbled_deepslate":81,"minecraft:wheat_seeds":20,"minecraft:water_bucket":130,"minecraft:damaged_anvil":1,"minecraft:birch_planks":8,"minecraft:oak_planks":312,"minecraft:glass_bottle":2,"minecraft:netherite_chestplate":1,"minecraft:sugar_cane":34,"minecraft:blue_bed":1,"minecraft:ender_pearl":1,"minecraft:composter":7,"minecraft:fletching_table":2,"minecraft:cobblestone_slab":6,"minecraft:stonecutter":1,"minecraft:white_wool":1,"minecraft:mossy_cobblestone":1,"minecraft:sand":9,"minecraft:oak_slab":147,"minecraft:crafting_table":4,"minecraft:white_bed":24,"minecraft:oak_log":25,"minecraft:diamond_pickaxe":278,"minecraft:iron_pickaxe":247,"minecraft:bread":5,"minecraft:lectern":87,"minecraft:stone_axe":143,"minecraft:diamond_sword":135,"minecraft:potion":2,"minecraft:cobblestone":154,"minecraft:porkchop":1,"minecraft:cooked_porkchop":24,"minecraft:smithing_table":1,"minecraft:bucket":131,"minecraft:oak_boat":29,"minecraft:yellow_bed":8,"minecraft:bone_meal":3,"minecraft:smooth_stone":1},"minecraft:crafted":{"minecraft:oak_door":3,"minecraft:oak_planks":2584,"minecraft:cobblestone_slab":6,"minecraft:oak_sign":12,"minecraft:furnace":2,"minecraft:stone":128,"minecraft:bone_meal":3,"minecraft:bookshelf":10,"minecraft:oak_trapdoor":8,"minecraft:glass":64,"minecraft:stone_brick_slab":32,"minecraft:diamond_helmet":1,"minecraft:iron_boots":1,"minecraft:iron_axe":3,"minecraft:chest":3,"minecraft:diamond_boots":1,"minecraft:stone_hoe":1,"minecraft:oak_slab":114,"minecraft:diamond_sword":1,"minecraft:emerald":144,"minecraft:cooked_porkchop":8,"minecraft:crafting_table":4,"minecraft:enchanting_table":1,"minecraft:iron_sword":1,"minecraft:smithing_table":1,"minecraft:fletching_table":2,"minecraft:bucket":1,"minecraft:birch_planks":20,"minecraft:stone_axe":1,"minecraft:enchanted_book":5,"minecraft:air":0,"minecraft:oak_boat":4,"minecraft:lectern":8,"minecraft:iron_chestplate":1,"minecraft:book":8,"minecraft:paper":54,"minecraft:diamond_pickaxe":1,"minecraft:stick":3948,"minecraft:iron_pickaxe":1,"minecraft:iron_shovel":1,"minecraft:iron_leggings":1,"minecraft:white_bed":2,"minecraft:torch":16,"minecraft:diamond_chestplate":1},"minecraft:killed_by":{"minecraft:creeper":2,"minecraft:skeleton":1,"minecraft:zombie":1},"minecraft:broken":{"minecraft:iron_shovel":1,"minecraft:iron_axe":2,"minecraft:stone_axe":1},"minecraft:custom":{"minecraft:interact_with_smithing_table":1,"minecraft:interact_with_anvil":8,"minecraft:mob_kills":44,"minecraft:interact_with_crafting_table":93,"minecraft:bell_ring":113,"minecraft:leave_game":2,"minecraft:time_since_death":347471,"minecraft:climb_one_cm":552,"minecraft:sprint_one_cm":593614,"minecraft:walk_one_cm":1455309,"minecraft:drop":339,"minecraft:talked_to_villager":232,"minecraft:raid_win":1,"minecraft:play_time":409284,"minecraft:sneak_time":38605,"minecraft:deaths":5,"minecraft:walk_under_water_one_cm":113632,"minecraft:boat_one_cm":862765,"minecraft:jump":3583,"minecraft:walk_on_water_one_cm":206618,"minecraft:total_world_time":409284,"minecraft:interact_with_furnace":18,"minecraft:traded_with_villager":155,"minecraft:interact_with_stonecutter":3,"minecraft:sleep_in_bed":26,"minecraft:time_since_rest":23724,"minecraft:damage_taken":5673,"minecraft:damage_dealt":7493,"minecraft:swim_one_cm":167660,"minecraft:fly_one_cm":424401,"minecraft:open_chest":179,"minecraft:crouch_one_cm":184918,"minecraft:fall_one_cm":89945,"minecraft:horse_one_cm":2860},"minecraft:killed":{"minecraft:vex":3,"minecraft:skeleton":2,"minecraft:guardian":1,"minecraft:drowned":1,"minecraft:pig":5,"minecraft:wandering_trader":1,"minecraft:creeper":3,"minecraft:sheep":4,"minecraft:trader_llama":1,"minecraft:pillager":5,"minecraft:zombie":5,"minecraft:villager":1,"minecraft:enderman":1,"minecraft:cow":7},"minecraft:mined":{"minecraft:white_bed":18,"minecraft:mossy_cobblestone":2,"minecraft:oak_door":10,"minecraft:brewing_stand":1,"minecraft:grass_block":108,"minecraft:composter":5,"minecraft:kelp":5,"minecraft:oak_wall_sign":2,"minecraft:smooth_stone":2,"minecraft:oak_trapdoor":47,"minecraft:carrots":134,"minecraft:fire":23,"minecraft:cobbled_deepslate":20,"minecraft:gold_block":1,"minecraft:bell":1,"minecraft:bookshelf":7,"minecraft:potatoes":2,"minecraft:dirt_path":36,"minecraft:water_cauldron":4,"minecraft:cobblestone_slab":3,"minecraft:deepslate_iron_ore":4,"minecraft:oak_stairs":26,"minecraft:stripped_oak_log":18,"minecraft:stone":168,"minecraft:oak_slab":66,"minecraft:glass_pane":1,"minecraft:stone_brick_slab":4,"minecraft:oak_fence":7,"minecraft:clay":4,"minecraft:torch":4,"minecraft:crafting_table":2,"minecraft:chest":1,"minecraft:lectern":76,"minecraft:tall_grass":8,"minecraft:cobblestone":120,"minecraft:damaged_anvil":1,"minecraft:oak_planks":104,"minecraft:sugar_cane":67,"minecraft:blue_bed":1,"minecraft:wall_torch":4,"minecraft:white_terracotta":12,"minecraft:birch_planks":7,"minecraft:birch_log":5,"minecraft:wheat":36,"minecraft:birch_leaves":1,"minecraft:stripped_oak_wood":1,"minecraft:bee_nest":1,"minecraft:yellow_bed":8,"minecraft:grass":21,"minecraft:coal_ore":25,"minecraft:oak_log":481,"minecraft:beetroots":1,"minecraft:sand":18,"minecraft:dirt":186,"minecraft:stone_bricks":11,"minecraft:stonecutter":1,"minecraft:netherrack":132,"minecraft:oak_leaves":37},"minecraft:dropped":{"minecraft:stone_hoe":1,"minecraft:iron_ingot":2,"minecraft:iron_sword":1,"minecraft:oak_slab":3,"minecraft:birch_planks":2,"minecraft:wheat_seeds":26,"minecraft:cooked_beef":1,"minecraft:oak_log":17,"minecraft:mossy_cobblestone":2,"minecraft:book":4,"minecraft:cobblestone":11,"minecraft:prismarine_crystals":1,"minecraft:emerald":16,"minecraft:stick":4,"minecraft:dirt":14,"minecraft:sand":1,"minecraft:iron_axe":1,"minecraft:iron_pickaxe":1,"minecraft:kelp":1,"minecraft:sugar_cane":6,"minecraft:oak_trapdoor":4,"minecraft:cobblestone_wall":2,"minecraft:cobbled_deepslate":3,"minecraft:wheat":32,"minecraft:rotten_flesh":16,"minecraft:oak_planks":721,"minecraft:white_terracotta":2,"minecraft:carrot":221,"minecraft:poppy":1,"minecraft:filled_map":6,"minecraft:diamond_sword":1,"minecraft:leather_chestplate":1,"minecraft:gunpowder":2,"minecraft:oak_boat":1,"minecraft:leather_leggings":3,"minecraft:netherrack":84}},"DataVersion":3465}